ts_iso,ts_epoch,event,market_slug,event_url,market_url,price_prev,mid_before,mid,delta,abs_delta,z,abs_z,direction_strength,signal,volume,best_bid,best_ask,spread,percentile,severity,burst,trade_hint,regime,game_phase,pm_period,pm_score_diff
2026-02-24T02:38:26Z,1771900706,Sacramento vs. Memphis,aec-nba-sac-mem-2026-02-23,https://polymarket.us/event/aec-nba-sac-mem-2026-02-23,https://polymarket.us/market/aec-nba-sac-mem-2026-02-23,0.68000,0.68000,0.68500,0.00500,0.00500,2.00,2.00,0.010000,SPIKE,243025,0.6700,0.7000,0.03000,100%,WATCH,,FADE,MEAN_REVERT,LIVE,3,6
2026-02-24T02:38:27Z,1771900707,Sacramento vs. Memphis,aec-nba-sac-mem-2026-02-23,https://polymarket.us/event/aec-nba-sac-mem-2026-02-23,https://polymarket.us/market/aec-nba-sac-mem-2026-02-23,0.68500,0.68500,0.69500,0.01000,0.01000,2.89,2.89,0.028868,SPIKE,244609,0.6700,0.7200,0.05000,100%,WATCH,,FADE,MEAN_REVERT,LIVE,3,6
2026-02-24T02:38:28Z,1771900708,Sacramento vs. Memphis,aec-nba-sac-mem-2026-02-23,https://polymarket.us/event/aec-nba-sac-mem-2026-02-23,https://polymarket.us/market/aec-nba-sac-mem-2026-02-23,0.69500,0.68500,0.69000,0.00500,0.00500,1.52,1.52,0.007582,SPIKE,244609,0.6700,0.7100,0.04000,93%,WATCH,,,MEAN_REVERT,LIVE,3,6
2026-02-24T02:38:28Z,1771900708,San Antonio vs. Detroit,aec-nba-sa-det-2026-02-23,https://polymarket.us/event/aec-nba-sa-det-2026-02-23,https://polymarket.us/market/aec-nba-sa-det-2026-02-23,0.97500,0.97500,0.97000,-0.00500,0.00500,-1.34,1.34,-0.006708,DIP,610402,0.9600,0.9800,0.02000,98%,INFO,,,MEAN_REVERT,LIVE,4,10
2026-02-24T02:38:28Z,1771900708,Sacramento vs. Memphis,aec-nba-sac-mem-2026-02-23,https://polymarket.us/event/aec-nba-sac-mem-2026-02-23,https://polymarket.us/market/aec-nba-sac-mem-2026-02-23,0.68500,0.69000,0.69500,0.00500,0.00500,2.10,2.10,0.010520,SPIKE,244609,0.6800,0.7100,0.03000,99%,WATCH,,FADE,MEAN_REVERT,LIVE,3,6
2026-02-24T02:38:29Z,1771900709,Sacramento vs. Memphis,aec-nba-sac-mem-2026-02-23,https://polymarket.us/event/aec-nba-sac-mem-2026-02-23,https://polymarket.us/market/aec-nba-sac-mem-2026-02-23,0.69000,0.69500,0.70000,0.00500,0.00500,2.35,2.35,0.011767,SPIKE,244609,0.6800,0.7200,0.04000,93%,WATCH,,FADE,MEAN_REVERT,LIVE,3,6
2026-02-24T02:38:29Z,1771900709,Sacramento vs. Memphis,aec-nba-sac-mem-2026-02-23,https://polymarket.us/event/aec-nba-sac-mem-2026-02-23,https://polymarket.us/market/aec-nba-sac-mem-2026-02-23,0.69500,0.70000,0.69500,-0.00500,0.00500,1.42,1.42,-0.007113,DIP,244609,0.6800,0.7100,0.03000,93%,INFO,,,MEAN_REVERT,LIVE,3,6
2026-02-24T02:38:32Z,1771900712,Sacramento vs. Memphis,aec-nba-sac-mem-2026-02-23,https://polymarket.us/event/aec-nba-sac-mem-2026-02-23,https://polymarket.us/market/aec-nba-sac-mem-2026-02-23,0.68500,0.68000,0.67500,-0.00500,0.00500,-1.51,1.51,-0.007540,DIP,244609,0.6600,0.6900,0.03000,91%,WATCH,,,MEAN_REVERT,LIVE,3,6
2026-02-24T02:38:32Z,1771900712,Sacramento vs. Memphis,aec-nba-sac-mem-2026-02-23,https://polymarket.us/event/aec-nba-sac-mem-2026-02-23,https://polymarket.us/market/aec-nba-sac-mem-2026-02-23,0.67500,0.68000,0.67500,-0.00500,0.00500,-1.40,1.40,-0.006985,DIP,244609,0.6600,0.6900,0.03000,92%,INFO,,,MEAN_REVERT,LIVE,3,6
2026-02-24T02:38:35Z,1771900715,Sacramento vs. Memphis,aec-nba-sac-mem-2026-02-23,https://polymarket.us/event/aec-nba-sac-mem-2026-02-23,https://polymarket.us/market/aec-nba-sac-mem-2026-02-23,0.67500,0.68000,0.70000,0.02000,0.02000,2.24,2.24,0.044883,SPIKE,244617,0.6800,0.7200,0.04000,100%,WATCH,,FADE,MEAN_REVERT,LIVE,3,6
2026-02-24T02:38:35Z,1771900715,Sacramento vs. Memphis,aec-nba-sac-mem-2026-02-23,https://polymarket.us/event/aec-nba-sac-mem-2026-02-23,https://polymarket.us/market/aec-nba-sac-mem-2026-02-23,0.68000,0.70000,0.69500,-0.00500,0.00500,1.47,1.47,-0.007372,DIP,244617,0.6800,0.7100,0.03000,92%,INFO,,,MEAN_REVERT,LIVE,3,6
2026-02-24T02:38:35Z,1771900715,Sacramento vs. Memphis,aec-nba-sac-mem-2026-02-23,https://polymarket.us/event/aec-nba-sac-mem-2026-02-23,https://polymarket.us/market/aec-nba-sac-mem-2026-02-23,0.69500,0.69500,0.70000,0.00500,0.00500,1.91,1.91,0.009528,SPIKE,244617,0.6800,0.7200,0.04000,92%,WATCH,,,MEAN_REVERT,LIVE,3,6
2026-02-24T02:38:36Z,1771900716,Sacramento vs. Memphis,aec-nba-sac-mem-2026-02-23,https://polymarket.us/event/aec-nba-sac-mem-2026-02-23,https://polymarket.us/market/aec-nba-sac-mem-2026-02-23,0.69500,0.70000,0.70500,0.00500,0.00500,2.28,2.28,0.011416,SPIKE,244617,0.6900,0.7200,0.03000,96%,WATCH,,FADE,MEAN_REVERT,LIVE,3,6
2026-02-24T02:38:36Z,1771900716,Sacramento vs. Memphis,aec-nba-sac-mem-2026-02-23,https://polymarket.us/event/aec-nba-sac-mem-2026-02-23,https://polymarket.us/market/aec-nba-sac-mem-2026-02-23,0.70000,0.70500,0.70000,-0.00500,0.00500,1.61,1.61,-0.008036,DIP,244617,0.6800,0.7200,0.04000,96%,WATCH,,,MEAN_REVERT,LIVE,3,6
2026-02-24T02:38:36Z,1771900716,Sacramento vs. Memphis,aec-nba-sac-mem-2026-02-23,https://polymarket.us/event/aec-nba-sac-mem-2026-02-23,https://polymarket.us/market/aec-nba-sac-mem-2026-02-23,0.70500,0.70000,0.70500,0.00500,0.00500,2.01,2.01,0.010066,SPIKE,244617,0.6900,0.7200,0.03000,96%,WATCH,,FADE,MEAN_REVERT,LIVE,3,6
2026-02-24T02:38:37Z,1771900717,Sacramento vs. Memphis,aec-nba-sac-mem-2026-02-23,https://polymarket.us/event/aec-nba-sac-mem-2026-02-23,https://polymarket.us/market/aec-nba-sac-mem-2026-02-23,0.70000,0.70500,0.70000,-0.00500,0.00500,1.41,1.41,-0.007044,DIP,244617,0.6900,0.7100,0.02000,96%,INFO,,,MEAN_REVERT,LIVE,3,6
2026-02-24T02:38:37Z,1771900717,Sacramento vs. Memphis,aec-nba-sac-mem-2026-02-23,https://polymarket.us/event/aec-nba-sac-mem-2026-02-23,https://polymarket.us/market/aec-nba-sac-mem-2026-02-23,0.70500,0.70000,0.70500,0.00500,0.00500,1.83,1.83,0.009127,SPIKE,244617,0.6900,0.7200,0.03000,96%,WATCH,,,MEAN_REVERT,LIVE,3,6
2026-02-24T02:38:38Z,1771900718,Sacramento vs. Memphis,aec-nba-sac-mem-2026-02-23,https://polymarket.us/event/aec-nba-sac-mem-2026-02-23,https://polymarket.us/market/aec-nba-sac-mem-2026-02-23,0.70000,0.70500,0.71000,0.00500,0.00500,2.16,2.16,0.010798,SPIKE,244617,0.6900,0.7300,0.04000,96%,WATCH,,FADE,MEAN_REVERT,LIVE,3,6
2026-02-24T02:38:38Z,1771900718,Sacramento vs. Memphis,aec-nba-sac-mem-2026-02-23,https://polymarket.us/event/aec-nba-sac-mem-2026-02-23,https://polymarket.us/market/aec-nba-sac-mem-2026-02-23,0.70500,0.71000,0.70500,-0.00500,0.00500,1.59,1.59,-0.007967,DIP,244617,0.6900,0.7200,0.03000,96%,WATCH,,,MEAN_REVERT,LIVE,3,6
2026-02-24T02:38:38Z,1771900718,Sacramento vs. Memphis,aec-nba-sac-mem-2026-02-23,https://polymarket.us/event/aec-nba-sac-mem-2026-02-23,https://polymarket.us/market/aec-nba-sac-mem-2026-02-23,0.71000,0.70500,0.71000,0.00500,0.00500,1.94,1.94,0.009719,SPIKE,244617,0.6900,0.7300,0.04000,96%,WATCH,,,MEAN_REVERT,LIVE,3,6
2026-02-24T02:38:39Z,1771900719,Sacramento vs. Memphis,aec-nba-sac-mem-2026-02-23,https://polymarket.us/event/aec-nba-sac-mem-2026-02-23,https://polymarket.us/market/aec-nba-sac-mem-2026-02-23,0.71000,0.71000,0.71500,0.00500,0.00500,2.13,2.13,0.010637,SPIKE,244633,0.7000,0.7300,0.03000,96%,WATCH,,FADE,MEAN_REVERT,LIVE,3,6
2026-02-24T02:38:41Z,1771900721,Sacramento vs. Memphis,aec-nba-sac-mem-2026-02-23,https://polymarket.us/event/aec-nba-sac-mem-2026-02-23,https://polymarket.us/market/aec-nba-sac-mem-2026-02-23,0.71000,0.71500,0.71000,-0.00500,0.00500,1.63,1.63,-0.008140,DIP,245654,0.6900,0.7300,0.04000,96%,WATCH,,,MEAN_REVERT,LIVE,3,6
2026-02-24T02:38:42Z,1771900722,Sacramento vs. Memphis,aec-nba-sac-mem-2026-02-23,https://polymarket.us/event/aec-nba-sac-mem-2026-02-23,https://polymarket.us/market/aec-nba-sac-mem-2026-02-23,0.71000,0.71000,0.70500,-0.00500,0.00500,1.12,1.12,-0.005622,DIP,245654,0.6900,0.7200,0.03000,96%,INFO,,,MEAN_REVERT,LIVE,3,6
2026-02-24T02:38:42Z,1771900722,Sacramento vs. Memphis,aec-nba-sac-mem-2026-02-23,https://polymarket.us/event/aec-nba-sac-mem-2026-02-23,https://polymarket.us/market/aec-nba-sac-mem-2026-02-23,0.71000,0.70500,0.71000,0.00500,0.00500,1.48,1.48,0.007392,SPIKE,245654,0.6900,0.7300,0.04000,96%,INFO,,,MEAN_REVERT,LIVE,3,6
2026-02-24T02:38:42Z,1771900722,Sacramento vs. Memphis,aec-nba-sac-mem-2026-02-23,https://polymarket.us/event/aec-nba-sac-mem-2026-02-23,https://polymarket.us/market/aec-nba-sac-mem-2026-02-23,0.70500,0.71000,0.71500,0.00500,0.00500,1.79,1.79,0.008971,SPIKE,245654,0.7000,0.7300,0.03000,96%,WATCH,,,MEAN_REVERT,LIVE,3,6
2026-02-24T02:38:42Z,1771900722,Sacramento vs. Memphis,aec-nba-sac-mem-2026-02-23,https://polymarket.us/event/aec-nba-sac-mem-2026-02-23,https://polymarket.us/market/aec-nba-sac-mem-2026-02-23,0.71000,0.71500,0.72000,0.00500,0.00500,2.06,2.06,0.010317,SPIKE,245654,0.7000,0.7400,0.04000,96%,WATCH,,FADE,MEAN_REVERT,LIVE,3,6
2026-02-24T02:38:43Z,1771900723,Sacramento vs. Memphis,aec-nba-sac-mem-2026-02-23,https://polymarket.us/event/aec-nba-sac-mem-2026-02-23,https://polymarket.us/market/aec-nba-sac-mem-2026-02-23,0.72000,0.72000,0.72500,0.00500,0.00500,2.19,2.19,0.010933,SPIKE,245654,0.7100,0.7400,0.03000,96%,WATCH,,FADE,MEAN_REVERT,LIVE,3,6
2026-02-24T02:38:43Z,1771900723,Sacramento vs. Memphis,aec-nba-sac-mem-2026-02-23,https://polymarket.us/event/aec-nba-sac-mem-2026-02-23,https://polymarket.us/market/aec-nba-sac-mem-2026-02-23,0.72000,0.72500,0.73500,0.01000,0.01000,2.63,2.63,0.026318,SPIKE,245654,0.7200,0.7500,0.03000,100%,WATCH,,FADE,MEAN_REVERT,LIVE,3,6
2026-02-24T02:38:43Z,1771900723,Sacramento vs. Memphis,aec-nba-sac-mem-2026-02-23,https://polymarket.us/event/aec-nba-sac-mem-2026-02-23,https://polymarket.us/market/aec-nba-sac-mem-2026-02-23,0.72500,0.73500,0.74000,0.00500,0.00500,2.69,2.69,0.013439,SPIKE,245654,0.7200,0.7600,0.04000,96%,WATCH,,FADE,MEAN_REVERT,LIVE,3,6
2026-02-24T02:38:43Z,1771900723,Sacramento vs. Memphis,aec-nba-sac-mem-2026-02-23,https://polymarket.us/event/aec-nba-sac-mem-2026-02-23,https://polymarket.us/market/aec-nba-sac-mem-2026-02-23,0.73500,0.74000,0.73500,-0.00500,0.00500,2.22,2.22,-0.011084,DIP,245654,0.7200,0.7500,0.03000,96%,WATCH,,FADE,MEAN_REVERT,LIVE,3,6
2026-02-24T02:38:47Z,1771900727,Sacramento vs. Memphis,aec-nba-sac-mem-2026-02-23,https://polymarket.us/event/aec-nba-sac-mem-2026-02-23,https://polymarket.us/market/aec-nba-sac-mem-2026-02-23,0.74000,0.73500,0.74000,0.00500,0.00500,2.33,2.33,0.011631,SPIKE,245654,0.7200,0.7600,0.04000,96%,WATCH,,FADE,MEAN_REVERT,LIVE,3,6
2026-02-24T02:38:47Z,1771900727,Sacramento vs. Memphis,aec-nba-sac-mem-2026-02-23,https://polymarket.us/event/aec-nba-sac-mem-2026-02-23,https://polymarket.us/market/aec-nba-sac-mem-2026-02-23,0.74000,0.74000,0.74500,0.00500,0.00500,2.26,2.26,0.011316,SPIKE,245654,0.7300,0.7600,0.03000,96%,WATCH,,FADE,MEAN_REVERT,LIVE,3,6
2026-02-24T02:38:48Z,1771900728,Sacramento vs. Memphis,aec-nba-sac-mem-2026-02-23,https://polymarket.us/event/aec-nba-sac-mem-2026-02-23,https://polymarket.us/market/aec-nba-sac-mem-2026-02-23,0.74500,0.74500,0.73500,-0.01000,0.01000,1.45,1.45,-0.014479,DIP,246403,0.7200,0.7500,0.03000,100%,INFO,,,MEAN_REVERT,LIVE,3,6
2026-02-24T02:38:52Z,1771900732,Sacramento vs. Memphis,aec-nba-sac-mem-2026-02-23,https://polymarket.us/event/aec-nba-sac-mem-2026-02-23,https://polymarket.us/market/aec-nba-sac-mem-2026-02-23,0.74500,0.73500,0.74000,0.00500,0.00500,1.60,1.60,0.008022,SPIKE,246403,0.7300,0.7500,0.02000,96%,WATCH,,,MEAN_REVERT,LIVE,3,6
2026-02-24T02:38:53Z,1771900733,Sacramento vs. Memphis,aec-nba-sac-mem-2026-02-23,https://polymarket.us/event/aec-nba-sac-mem-2026-02-23,https://polymarket.us/market/aec-nba-sac-mem-2026-02-23,0.73500,0.74000,0.74500,0.00500,0.00500,1.74,1.74,0.008714,SPIKE,246403,0.7400,0.7500,0.01000,96%,WATCH,,,MEAN_REVERT,LIVE,3,6
2026-02-24T02:38:55Z,1771900735,Sacramento vs. Memphis,aec-nba-sac-mem-2026-02-23,https://polymarket.us/event/aec-nba-sac-mem-2026-02-23,https://polymarket.us/market/aec-nba-sac-mem-2026-02-23,0.74500,0.74500,0.75000,0.00500,0.00500,1.63,1.63,0.008164,SPIKE,247443,0.7400,0.7600,0.02000,96%,WATCH,,,MEAN_REVERT,LIVE,3,6
2026-02-24T02:38:56Z,1771900736,Sacramento vs. Memphis,aec-nba-sac-mem-2026-02-23,https://polymarket.us/event/aec-nba-sac-mem-2026-02-23,https://polymarket.us/market/aec-nba-sac-mem-2026-02-23,0.74500,0.75000,0.74500,-0.00500,0.00500,1.36,1.36,-0.006803,DIP,247462,0.7400,0.7500,0.01000,96%,INFO,,,MEAN_REVERT,LIVE,3,6
2026-02-24T02:38:56Z,1771900736,Sacramento vs. Memphis,aec-nba-sac-mem-2026-02-23,https://polymarket.us/event/aec-nba-sac-mem-2026-02-23,https://polymarket.us/market/aec-nba-sac-mem-2026-02-23,0.75000,0.74500,0.75500,0.01000,0.01000,1.68,1.68,0.016837,SPIKE,248767,0.7400,0.7700,0.03000,100%,WATCH,,,MEAN_REVERT,LIVE,3,6
2026-02-24T02:38:56Z,1771900736,Sacramento vs. Memphis,aec-nba-sac-mem-2026-02-23,https://polymarket.us/event/aec-nba-sac-mem-2026-02-23,https://polymarket.us/market/aec-nba-sac-mem-2026-02-23,0.75500,0.75500,0.74500,-0.01000,0.01000,1.16,1.16,-0.011600,DIP,248776,0.7400,0.7500,0.01000,100%,INFO,,,MEAN_REVERT,LIVE,3,6
2026-02-24T02:39:00Z,1771900740,Sacramento vs. Memphis,aec-nba-sac-mem-2026-02-23,https://polymarket.us/event/aec-nba-sac-mem-2026-02-23,https://polymarket.us/market/aec-nba-sac-mem-2026-02-23,0.74500,0.74500,0.75500,0.01000,0.01000,1.39,1.39,0.013880,SPIKE,249278,0.7400,0.7700,0.03000,100%,INFO,,,MEAN_REVERT,LIVE,3,6
2026-02-24T02:39:01Z,1771900741,Sacramento vs. Memphis,aec-nba-sac-mem-2026-02-23,https://polymarket.us/event/aec-nba-sac-mem-2026-02-23,https://polymarket.us/market/aec-nba-sac-mem-2026-02-23,0.74500,0.75500,0.75000,-0.00500,0.00500,1.14,1.14,-0.005718,DIP,249279,0.7400,0.7600,0.02000,96%,INFO,,,MEAN_REVERT,LIVE,3,6
2026-02-24T02:39:04Z,1771900744,Sacramento vs. Memphis,aec-nba-sac-mem-2026-02-23,https://polymarket.us/event/aec-nba-sac-mem-2026-02-23,https://polymarket.us/market/aec-nba-sac-mem-2026-02-23,0.75000,0.75000,0.75500,0.00500,0.00500,1.28,1.28,0.006422,SPIKE,249311,0.7500,0.7600,0.01000,96%,INFO,,,MEAN_REVERT,LIVE,3,6
2026-02-24T02:39:04Z,1771900744,Sacramento vs. Memphis,aec-nba-sac-mem-2026-02-23,https://polymarket.us/event/aec-nba-sac-mem-2026-02-23,https://polymarket.us/market/aec-nba-sac-mem-2026-02-23,0.75500,0.75500,0.75000,-0.00500,0.00500,0.95,0.95,-0.004770,DIP,249341,0.7400,0.7600,0.02000,96%,INFO,,,MEAN_REVERT,LIVE,3,6
2026-02-24T02:39:04Z,1771900744,Sacramento vs. Memphis,aec-nba-sac-mem-2026-02-23,https://polymarket.us/event/aec-nba-sac-mem-2026-02-23,https://polymarket.us/market/aec-nba-sac-mem-2026-02-23,0.75500,0.75000,0.75500,0.00500,0.00500,1.18,1.18,0.005905,SPIKE,249341,0.7500,0.7600,0.01000,96%,INFO,,,MEAN_REVERT,LIVE,3,6
2026-02-24T02:39:16Z,1771900756,Sacramento vs. Memphis,aec-nba-sac-mem-2026-02-23,https://polymarket.us/event/aec-nba-sac-mem-2026-02-23,https://polymarket.us/market/aec-nba-sac-mem-2026-02-23,0.73500,0.74000,0.73500,-0.00500,0.00500,-1.09,1.09,-0.005430,DIP,250014,0.7300,0.7400,0.01000,96%,INFO,,,MEAN_REVERT,LIVE,3,7
2026-02-24T02:39:16Z,1771900756,Sacramento vs. Memphis,aec-nba-sac-mem-2026-02-23,https://polymarket.us/event/aec-nba-sac-mem-2026-02-23,https://polymarket.us/market/aec-nba-sac-mem-2026-02-23,0.74000,0.73500,0.72500,-0.01000,0.01000,-2.46,2.46,-0.024628,DIP,250014,0.7100,0.7400,0.03000,100%,WATCH,,FADE,MEAN_REVERT,LIVE,3,7
2026-02-24T02:39:16Z,1771900756,Sacramento vs. Memphis,aec-nba-sac-mem-2026-02-23,https://polymarket.us/event/aec-nba-sac-mem-2026-02-23,https://polymarket.us/market/aec-nba-sac-mem-2026-02-23,0.73500,0.72500,0.73000,0.00500,0.00500,-1.96,1.96,0.009801,SPIKE,250014,0.7200,0.7400,0.02000,96%,WATCH,,,MEAN_REVERT,LIVE,3,7
2026-02-24T02:39:17Z,1771900757,Sacramento vs. Memphis,aec-nba-sac-mem-2026-02-23,https://polymarket.us/event/aec-nba-sac-mem-2026-02-23,https://polymarket.us/market/aec-nba-sac-mem-2026-02-23,0.72500,0.73000,0.72000,-0.01000,0.01000,-3.23,3.23,-0.032309,DIP,250014,0.7000,0.7400,0.04000,100%,ALERT,,FADE,MEAN_REVERT,LIVE,3,7
2026-02-24T02:39:17Z,1771900757,Sacramento vs. Memphis,aec-nba-sac-mem-2026-02-23,https://polymarket.us/event/aec-nba-sac-mem-2026-02-23,https://polymarket.us/market/aec-nba-sac-mem-2026-02-23,0.73000,0.72000,0.72500,0.00500,0.00500,-2.40,2.40,0.012017,SPIKE,250014,0.7100,0.7400,0.03000,96%,WATCH,,FADE,MEAN_REVERT,LIVE,3,7
2026-02-24T02:39:18Z,1771900758,Sacramento vs. Memphis,aec-nba-sac-mem-2026-02-23,https://polymarket.us/event/aec-nba-sac-mem-2026-02-23,https://polymarket.us/market/aec-nba-sac-mem-2026-02-23,0.72000,0.72500,0.72000,-0.00500,0.00500,-2.76,2.76,-0.013816,DIP,250014,0.7100,0.7300,0.02000,96%,WATCH,,FADE,MEAN_REVERT,LIVE,3,7
2026-02-24T02:39:21Z,1771900761,Sacramento vs. Memphis,aec-nba-sac-mem-2026-02-23,https://polymarket.us/event/aec-nba-sac-mem-2026-02-23,https://polymarket.us/market/aec-nba-sac-mem-2026-02-23,0.72000,0.72000,0.70500,-0.01500,0.01500,-3.59,3.59,-0.053776,DIP,250020,0.6900,0.7200,0.03000,100%,ALERT,,FADE,MEAN_REVERT,LIVE,3,7
2026-02-24T02:39:21Z,1771900761,Sacramento vs. Memphis,aec-nba-sac-mem-2026-02-23,https://polymarket.us/event/aec-nba-sac-mem-2026-02-23,https://polymarket.us/market/aec-nba-sac-mem-2026-02-23,0.72000,0.70500,0.71000,0.00500,0.00500,-2.79,2.79,0.013962,SPIKE,250020,0.7000,0.7200,0.02000,96%,WATCH,,FADE,MEAN_REVERT,LIVE,3,7
2026-02-24T02:39:21Z,1771900761,Sacramento vs. Memphis,aec-nba-sac-mem-2026-02-23,https://polymarket.us/event/aec-nba-sac-mem-2026-02-23,https://polymarket.us/market/aec-nba-sac-mem-2026-02-23,0.70500,0.71000,0.72000,0.01000,0.01000,-1.80,1.80,0.018007,SPIKE,250020,0.7100,0.7300,0.02000,100%,WATCH,,,MEAN_REVERT,LIVE,3,7
2026-02-24T02:39:21Z,1771900761,Sacramento vs. Memphis,aec-nba-sac-mem-2026-02-23,https://polymarket.us/event/aec-nba-sac-mem-2026-02-23,https://polymarket.us/market/aec-nba-sac-mem-2026-02-23,0.71000,0.72000,0.71500,-0.00500,0.00500,-2.08,2.08,-0.010410,DIP,250020,0.7000,0.7300,0.03000,95%,WATCH,,FADE,MEAN_REVERT,LIVE,3,7
2026-02-24T02:39:22Z,1771900762,Sacramento vs. Memphis,aec-nba-sac-mem-2026-02-23,https://polymarket.us/event/aec-nba-sac-mem-2026-02-23,https://polymarket.us/market/aec-nba-sac-mem-2026-02-23,0.72000,0.71500,0.72000,0.00500,0.00500,-1.59,1.59,0.007954,SPIKE,250020,0.7100,0.7300,0.02000,95%,WATCH,,,MEAN_REVERT,LIVE,3,7
2026-02-24T02:39:22Z,1771900762,Sacramento vs. Memphis,aec-nba-sac-mem-2026-02-23,https://polymarket.us/event/aec-nba-sac-mem-2026-02-23,https://polymarket.us/market/aec-nba-sac-mem-2026-02-23,0.71500,0.72000,0.71500,-0.00500,0.00500,-1.89,1.89,-0.009444,DIP,250020,0.7000,0.7300,0.03000,95%,WATCH,,,MEAN_REVERT,LIVE,3,7
2026-02-24T02:39:34Z,1771900774,San Antonio vs. Detroit,aec-nba-sa-det-2026-02-23,https://polymarket.us/event/aec-nba-sa-det-2026-02-23,https://polymarket.us/market/aec-nba-sa-det-2026-02-23,0.97000,0.97000,0.96500,-0.00500,0.00500,-3.05,3.05,-0.015254,DIP,619710,0.9500,0.9800,0.03000,95%,ALERT,,FADE,MEAN_REVERT,LIVE,4,10
2026-02-24T02:39:38Z,1771900778,San Antonio vs. Detroit,aec-nba-sa-det-2026-02-23,https://polymarket.us/event/aec-nba-sa-det-2026-02-23,https://polymarket.us/market/aec-nba-sa-det-2026-02-23,0.97000,0.97000,0.96500,-0.00500,0.00500,-3.23,3.23,-0.016160,DIP,620765,0.9500,0.9800,0.03000,95%,ALERT,,FADE,MEAN_REVERT,LIVE,4,10
2026-02-24T02:39:54Z,1771900794,Houston vs. Kansas,aec-cbb-hou-kan-2026-02-23,https://polymarket.us/event/aec-cbb-hou-kan-2026-02-23,https://polymarket.us/market/aec-cbb-hou-kan-2026-02-23,0.70000,0.70000,0.70500,0.00500,0.00500,4.12,4.12,0.020616,SPIKE,183168,0.6900,0.7200,0.03000,96%,ALERT,,FADE,MEAN_REVERT,LIVE,1,6
2026-02-24T02:39:55Z,1771900795,Houston vs. Kansas,aec-cbb-hou-kan-2026-02-23,https://polymarket.us/event/aec-cbb-hou-kan-2026-02-23,https://polymarket.us/market/aec-cbb-hou-kan-2026-02-23,0.70500,0.70000,0.70500,0.00500,0.00500,3.00,3.00,0.015000,SPIKE,183451,0.6900,0.7200,0.03000,96%,ALERT,,FADE,MEAN_REVERT,LIVE,1,6
2026-02-24T02:39:55Z,1771900795,Houston vs. Kansas,aec-cbb-hou-kan-2026-02-23,https://polymarket.us/event/aec-cbb-hou-kan-2026-02-23,https://polymarket.us/market/aec-cbb-hou-kan-2026-02-23,0.70000,0.70500,0.71000,0.00500,0.00500,3.62,3.62,0.018116,SPIKE,183451,0.7000,0.7200,0.02000,96%,ALERT,,FADE,MEAN_REVERT,LIVE,1,6
2026-02-24T02:39:55Z,1771900795,Houston vs. Kansas,aec-cbb-hou-kan-2026-02-23,https://polymarket.us/event/aec-cbb-hou-kan-2026-02-23,https://polymarket.us/market/aec-cbb-hou-kan-2026-02-23,0.70500,0.71000,0.70500,-0.00500,0.00500,1.50,1.50,-0.007484,DIP,183451,0.7000,0.7100,0.01000,96%,INFO,,,MEAN_REVERT,LIVE,1,6
2026-02-24T02:39:59Z,1771900799,Houston vs. Kansas,aec-cbb-hou-kan-2026-02-23,https://polymarket.us/event/aec-cbb-hou-kan-2026-02-23,https://polymarket.us/market/aec-cbb-hou-kan-2026-02-23,0.70500,0.70000,0.70500,0.00500,0.00500,1.44,1.44,0.007206,SPIKE,183551,0.7000,0.7100,0.01000,96%,INFO,,,MEAN_REVERT,LIVE,1,6
2026-02-24T02:39:59Z,1771900799,Houston vs. Kansas,aec-cbb-hou-kan-2026-02-23,https://polymarket.us/event/aec-cbb-hou-kan-2026-02-23,https://polymarket.us/market/aec-cbb-hou-kan-2026-02-23,0.70500,0.70000,0.70500,0.00500,0.00500,1.40,1.40,0.006985,SPIKE,183664,0.7000,0.7100,0.01000,96%,INFO,,,MEAN_REVERT,LIVE,1,6
2026-02-24T02:40:12Z,1771900812,Sacramento vs. Memphis,aec-nba-sac-mem-2026-02-23,https://polymarket.us/event/aec-nba-sac-mem-2026-02-23,https://polymarket.us/market/aec-nba-sac-mem-2026-02-23,0.73500,0.73500,0.72500,-0.01000,0.01000,-0.90,0.90,-0.009037,DIP,252070,0.7200,0.7300,0.01000,99%,INFO,,,MEAN_REVERT,LIVE,3,7
2026-02-24T02:40:13Z,1771900813,Sacramento vs. Memphis,aec-nba-sac-mem-2026-02-23,https://polymarket.us/event/aec-nba-sac-mem-2026-02-23,https://polymarket.us/market/aec-nba-sac-mem-2026-02-23,0.73500,0.72500,0.72000,-0.00500,0.00500,-1.32,1.32,-0.006583,DIP,252070,0.7100,0.7300,0.02000,96%,INFO,,,MEAN_REVERT,LIVE,3,7
2026-02-24T02:40:17Z,1771900817,Sacramento vs. Memphis,aec-nba-sac-mem-2026-02-23,https://polymarket.us/event/aec-nba-sac-mem-2026-02-23,https://polymarket.us/market/aec-nba-sac-mem-2026-02-23,0.72500,0.72000,0.72500,0.00500,0.00500,-0.82,0.82,0.004078,SPIKE,252070,0.7200,0.7300,0.01000,96%,INFO,,,MEAN_REVERT,LIVE,3,7
2026-02-24T02:40:17Z,1771900817,Sacramento vs. Memphis,aec-nba-sac-mem-2026-02-23,https://polymarket.us/event/aec-nba-sac-mem-2026-02-23,https://polymarket.us/market/aec-nba-sac-mem-2026-02-23,0.72000,0.72500,0.72000,-0.00500,0.00500,-1.23,1.23,-0.006161,DIP,252070,0.7100,0.7300,0.02000,96%,INFO,,,MEAN_REVERT,LIVE,3,7
2026-02-24T02:40:22Z,1771900822,Sacramento vs. Memphis,aec-nba-sac-mem-2026-02-23,https://polymarket.us/event/aec-nba-sac-mem-2026-02-23,https://polymarket.us/market/aec-nba-sac-mem-2026-02-23,0.72500,0.72000,0.71500,-0.00500,0.00500,-1.62,1.62,-0.008093,DIP,252070,0.7100,0.7200,0.01000,96%,WATCH,,,MEAN_REVERT,LIVE,3,7
2026-02-24T02:40:22Z,1771900822,Sacramento vs. Memphis,aec-nba-sac-mem-2026-02-23,https://polymarket.us/event/aec-nba-sac-mem-2026-02-23,https://polymarket.us/market/aec-nba-sac-mem-2026-02-23,0.72000,0.71500,0.72000,0.00500,0.00500,-1.11,1.11,0.005567,SPIKE,252100,0.7100,0.7300,0.02000,96%,INFO,,,MEAN_REVERT,LIVE,3,7
2026-02-24T02:40:24Z,1771900824,Sacramento vs. Memphis,aec-nba-sac-mem-2026-02-23,https://polymarket.us/event/aec-nba-sac-mem-2026-02-23,https://polymarket.us/market/aec-nba-sac-mem-2026-02-23,0.72000,0.72000,0.71500,-0.00500,0.00500,-1.47,1.47,-0.007334,DIP,252100,0.7000,0.7300,0.03000,96%,INFO,,,MEAN_REVERT,LIVE,3,7
2026-02-24T02:40:24Z,1771900824,Sacramento vs. Memphis,aec-nba-sac-mem-2026-02-23,https://polymarket.us/event/aec-nba-sac-mem-2026-02-23,https://polymarket.us/market/aec-nba-sac-mem-2026-02-23,0.72000,0.71500,0.71000,-0.00500,0.00500,-1.83,1.83,-0.009137,DIP,252100,0.7000,0.7200,0.02000,96%,WATCH,,,MEAN_REVERT,LIVE,3,7
2026-02-24T02:40:25Z,1771900825,Sacramento vs. Memphis,aec-nba-sac-mem-2026-02-23,https://polymarket.us/event/aec-nba-sac-mem-2026-02-23,https://polymarket.us/market/aec-nba-sac-mem-2026-02-23,0.71500,0.71000,0.70500,-0.00500,0.00500,-2.12,2.12,-0.010613,DIP,252100,0.6900,0.7200,0.03000,96%,WATCH,,FADE,MEAN_REVERT,LIVE,3,7
2026-02-24T02:40:25Z,1771900825,Sacramento vs. Memphis,aec-nba-sac-mem-2026-02-23,https://polymarket.us/event/aec-nba-sac-mem-2026-02-23,https://polymarket.us/market/aec-nba-sac-mem-2026-02-23,0.71000,0.70500,0.70000,-0.00500,0.00500,-2.36,2.36,-0.011787,DIP,252100,0.6900,0.7100,0.02000,96%,WATCH,,FADE,MEAN_REVERT,LIVE,3,7
2026-02-24T02:40:28Z,1771900828,Sacramento vs. Memphis,aec-nba-sac-mem-2026-02-23,https://polymarket.us/event/aec-nba-sac-mem-2026-02-23,https://polymarket.us/market/aec-nba-sac-mem-2026-02-23,0.70000,0.70000,0.70500,0.00500,0.00500,-1.71,1.71,0.008547,SPIKE,252106,0.6900,0.7200,0.03000,96%,WATCH,,,MEAN_REVERT,LIVE,3,7
2026-02-24T02:40:30Z,1771900830,Sacramento vs. Memphis,aec-nba-sac-mem-2026-02-23,https://polymarket.us/event/aec-nba-sac-mem-2026-02-23,https://polymarket.us/market/aec-nba-sac-mem-2026-02-23,0.70000,0.70500,0.70000,-0.00500,0.00500,-1.97,1.97,-0.009825,DIP,252106,0.6900,0.7100,0.02000,96%,WATCH,,,MEAN_REVERT,LIVE,3,7
2026-02-24T02:40:33Z,1771900833,Sacramento vs. Memphis,aec-nba-sac-mem-2026-02-23,https://polymarket.us/event/aec-nba-sac-mem-2026-02-23,https://polymarket.us/market/aec-nba-sac-mem-2026-02-23,0.70000,0.70000,0.70500,0.00500,0.00500,-1.44,1.44,0.007183,SPIKE,252122,0.6900,0.7200,0.03000,96%,INFO,,,MEAN_REVERT,LIVE,3,7
2026-02-24T02:40:33Z,1771900833,Sacramento vs. Memphis,aec-nba-sac-mem-2026-02-23,https://polymarket.us/event/aec-nba-sac-mem-2026-02-23,https://polymarket.us/market/aec-nba-sac-mem-2026-02-23,0.70000,0.70500,0.70000,-0.00500,0.00500,-1.69,1.69,-0.008466,DIP,252122,0.6900,0.7100,0.02000,96%,WATCH,,,MEAN_REVERT,LIVE,3,7
2026-02-24T02:40:35Z,1771900835,Sacramento vs. Memphis,aec-nba-sac-mem-2026-02-23,https://polymarket.us/event/aec-nba-sac-mem-2026-02-23,https://polymarket.us/market/aec-nba-sac-mem-2026-02-23,0.70000,0.70000,0.69500,-0.00500,0.00500,-1.78,1.78,-0.008902,DIP,252531,0.6800,0.7100,0.03000,85%,WATCH,,,MEAN_REVERT,LIVE,3,7
2026-02-24T02:40:35Z,1771900835,Sacramento vs. Memphis,aec-nba-sac-mem-2026-02-23,https://polymarket.us/event/aec-nba-sac-mem-2026-02-23,https://polymarket.us/market/aec-nba-sac-mem-2026-02-23,0.70000,0.69500,0.70000,0.00500,0.00500,-1.42,1.42,0.007076,SPIKE,252531,0.6900,0.7100,0.02000,85%,INFO,,,MEAN_REVERT,LIVE,3,7
2026-02-24T02:40:38Z,1771900838,Sacramento vs. Memphis,aec-nba-sac-mem-2026-02-23,https://polymarket.us/event/aec-nba-sac-mem-2026-02-23,https://polymarket.us/market/aec-nba-sac-mem-2026-02-23,0.70000,0.70000,0.69500,-0.00500,0.00500,-1.59,1.59,-0.007973,DIP,252629,0.6800,0.7100,0.03000,85%,WATCH,,,MEAN_REVERT,LIVE,3,7
2026-02-24T02:40:38Z,1771900838,Sacramento vs. Memphis,aec-nba-sac-mem-2026-02-23,https://polymarket.us/event/aec-nba-sac-mem-2026-02-23,https://polymarket.us/market/aec-nba-sac-mem-2026-02-23,0.70000,0.69500,0.69000,-0.00500,0.00500,-1.80,1.80,-0.008988,DIP,252629,0.6800,0.7000,0.02000,97%,WATCH,,,MEAN_REVERT,LIVE,3,7
2026-02-24T02:40:39Z,1771900839,Sacramento vs. Memphis,aec-nba-sac-mem-2026-02-23,https://polymarket.us/event/aec-nba-sac-mem-2026-02-23,https://polymarket.us/market/aec-nba-sac-mem-2026-02-23,0.69500,0.69000,0.68000,-0.01000,0.01000,-2.20,2.20,-0.021991,DIP,252629,0.6600,0.7000,0.04000,99%,WATCH,,FADE,MEAN_REVERT,LIVE,3,7
2026-02-24T02:40:39Z,1771900839,Sacramento vs. Memphis,aec-nba-sac-mem-2026-02-23,https://polymarket.us/event/aec-nba-sac-mem-2026-02-23,https://polymarket.us/market/aec-nba-sac-mem-2026-02-23,0.69000,0.68000,0.68500,0.00500,0.00500,-1.84,1.84,0.009175,SPIKE,252629,0.6700,0.7000,0.03000,97%,WATCH,,,MEAN_REVERT,LIVE,3,7
2026-02-24T02:40:39Z,1771900839,Sacramento vs. Memphis,aec-nba-sac-mem-2026-02-23,https://polymarket.us/event/aec-nba-sac-mem-2026-02-23,https://polymarket.us/market/aec-nba-sac-mem-2026-02-23,0.68000,0.68500,0.68000,-0.00500,0.00500,-1.97,1.97,-0.009829,DIP,252629,0.6700,0.6900,0.02000,97%,WATCH,,,MEAN_REVERT,LIVE,3,7
2026-02-24T02:40:40Z,1771900840,Houston vs. Kansas,aec-cbb-hou-kan-2026-02-23,https://polymarket.us/event/aec-cbb-hou-kan-2026-02-23,https://polymarket.us/market/aec-cbb-hou-kan-2026-02-23,0.70000,0.70000,0.70500,0.00500,0.00500,1.46,1.46,0.007303,SPIKE,185342,0.7000,0.7100,0.01000,96%,INFO,,,MEAN_REVERT,LIVE,1,6
2026-02-24T02:40:40Z,1771900840,Sacramento vs. Memphis,aec-nba-sac-mem-2026-02-23,https://polymarket.us/event/aec-nba-sac-mem-2026-02-23,https://polymarket.us/market/aec-nba-sac-mem-2026-02-23,0.68500,0.68000,0.68500,0.00500,0.00500,-1.63,1.63,0.008171,SPIKE,252629,0.6700,0.7000,0.03000,97%,WATCH,,,MEAN_REVERT,LIVE,3,7
2026-02-24T02:40:40Z,1771900840,Houston vs. Kansas,aec-cbb-hou-kan-2026-02-23,https://polymarket.us/event/aec-cbb-hou-kan-2026-02-23,https://polymarket.us/market/aec-cbb-hou-kan-2026-02-23,0.70000,0.70500,0.71000,0.00500,0.00500,2.94,2.94,0.014677,SPIKE,185342,0.7000,0.7200,0.02000,96%,WATCH,,FADE,MEAN_REVERT,LIVE,1,6
2026-02-24T02:40:40Z,1771900840,Houston vs. Kansas,aec-cbb-hou-kan-2026-02-23,https://polymarket.us/event/aec-cbb-hou-kan-2026-02-23,https://polymarket.us/market/aec-cbb-hou-kan-2026-02-23,0.70500,0.71000,0.70500,-0.00500,0.00500,1.15,1.15,-0.005774,DIP,185342,0.7000,0.7100,0.01000,96%,INFO,,,MEAN_REVERT,LIVE,1,6
2026-02-24T02:40:41Z,1771900841,Sacramento vs. Memphis,aec-nba-sac-mem-2026-02-23,https://polymarket.us/event/aec-nba-sac-mem-2026-02-23,https://polymarket.us/market/aec-nba-sac-mem-2026-02-23,0.68000,0.68500,0.68000,-0.00500,0.00500,-1.78,1.78,-0.008876,DIP,252629,0.6700,0.6900,0.02000,97%,WATCH,,,MEAN_REVERT,LIVE,3,7
2026-02-24T02:40:54Z,1771900854,Houston vs. Kansas,aec-cbb-hou-kan-2026-02-23,https://polymarket.us/event/aec-cbb-hou-kan-2026-02-23,https://polymarket.us/market/aec-cbb-hou-kan-2026-02-23,0.70000,0.70000,0.70500,0.00500,0.00500,1.19,1.19,0.005972,SPIKE,185435,0.7000,0.7100,0.01000,96%,INFO,,,MEAN_REVERT,LIVE,1,6
2026-02-24T02:40:54Z,1771900854,Sacramento vs. Memphis,aec-nba-sac-mem-2026-02-23,https://polymarket.us/event/aec-nba-sac-mem-2026-02-23,https://polymarket.us/market/aec-nba-sac-mem-2026-02-23,0.68000,0.68000,0.67000,-0.01000,0.01000,-2.03,2.03,-0.020302,DIP,252643,0.6500,0.6900,0.04000,99%,WATCH,,FADE,MEAN_REVERT,LIVE,3,7
2026-02-24T02:40:55Z,1771900855,Sacramento vs. Memphis,aec-nba-sac-mem-2026-02-23,https://polymarket.us/event/aec-nba-sac-mem-2026-02-23,https://polymarket.us/market/aec-nba-sac-mem-2026-02-23,0.68000,0.67000,0.67500,0.00500,0.00500,-1.72,1.72,0.008600,SPIKE,252643,0.6600,0.6900,0.03000,97%,WATCH,,,MEAN_REVERT,LIVE,3,7
2026-02-24T02:40:55Z,1771900855,Sacramento vs. Memphis,aec-nba-sac-mem-2026-02-23,https://polymarket.us/event/aec-nba-sac-mem-2026-02-23,https://polymarket.us/market/aec-nba-sac-mem-2026-02-23,0.67000,0.67500,0.67000,-0.00500,0.00500,-1.84,1.84,-0.009209,DIP,252643,0.6600,0.6800,0.02000,95%,WATCH,,,MEAN_REVERT,LIVE,3,7
2026-02-24T02:40:56Z,1771900856,Houston vs. Kansas,aec-cbb-hou-kan-2026-02-23,https://polymarket.us/event/aec-cbb-hou-kan-2026-02-23,https://polymarket.us/market/aec-cbb-hou-kan-2026-02-23,0.70000,0.70500,0.71000,0.00500,0.00500,2.66,2.66,0.013284,SPIKE,185491,0.7000,0.7200,0.02000,95%,WATCH,,FADE,MEAN_REVERT,LIVE,1,6
2026-02-24T02:40:56Z,1771900856,Houston vs. Kansas,aec-cbb-hou-kan-2026-02-23,https://polymarket.us/event/aec-cbb-hou-kan-2026-02-23,https://polymarket.us/market/aec-cbb-hou-kan-2026-02-23,0.70500,0.71000,0.70500,-0.00500,0.00500,1.01,1.01,-0.005030,DIP,185491,0.7000,0.7100,0.01000,95%,INFO,,,MEAN_REVERT,LIVE,1,6
2026-02-24T02:40:58Z,1771900858,Sacramento vs. Memphis,aec-nba-sac-mem-2026-02-23,https://polymarket.us/event/aec-nba-sac-mem-2026-02-23,https://polymarket.us/market/aec-nba-sac-mem-2026-02-23,0.67000,0.67000,0.66000,-0.01000,0.01000,-2.07,2.07,-0.020704,DIP,252647,0.6500,0.6700,0.02000,100%,WATCH,,FADE,MEAN_REVERT,LIVE,3,7
2026-02-24T02:41:06Z,1771900866,Lafayette vs. Colgate,aec-cbb-lafay-colg-2026-02-25,https://polymarket.us/event/aec-cbb-lafay-colg-2026-02-25,https://polymarket.us/market/aec-cbb-lafay-colg-2026-02-25,0.20000,0.19500,0.20000,0.00500,0.00500,0.99,0.99,0.004950,SPIKE,0,0.1400,0.2600,0.12000,96%,INFO,,,MEAN_REVERT,PRE_GAME,,
2026-02-24T02:41:07Z,1771900867,Lafayette vs. Colgate,aec-cbb-lafay-colg-2026-02-25,https://polymarket.us/event/aec-cbb-lafay-colg-2026-02-25,https://polymarket.us/market/aec-cbb-lafay-colg-2026-02-25,0.20000,0.19500,0.20000,0.00500,0.00500,0.98,0.98,0.004924,SPIKE,0,0.1400,0.2600,0.12000,96%,INFO,,,MEAN_REVERT,PRE_GAME,,
2026-02-24T02:41:07Z,1771900867,Utah vs. Houston,aec-nba-uta-hou-2026-02-23,https://polymarket.us/event/aec-nba-uta-hou-2026-02-23,https://polymarket.us/market/aec-nba-uta-hou-2026-02-23,0.12500,0.13000,0.12500,-0.00500,0.00500,-0.92,0.92,-0.004588,DIP,107076,0.1200,0.1300,0.01000,96%,INFO,,,MEAN_REVERT,PRE_GAME,,0
2026-02-24T02:41:08Z,1771900868,Lafayette vs. Colgate,aec-cbb-lafay-colg-2026-02-25,https://polymarket.us/event/aec-cbb-lafay-colg-2026-02-25,https://polymarket.us/market/aec-cbb-lafay-colg-2026-02-25,0.20000,0.19500,0.20000,0.00500,0.00500,0.98,0.98,0.004910,SPIKE,0,0.1400,0.2600,0.12000,96%,INFO,,,MEAN_REVERT,PRE_GAME,,
2026-02-24T02:41:08Z,1771900868,Lafayette vs. Colgate,aec-cbb-lafay-colg-2026-02-25,https://polymarket.us/event/aec-cbb-lafay-colg-2026-02-25,https://polymarket.us/market/aec-cbb-lafay-colg-2026-02-25,0.20000,0.19500,0.20000,0.00500,0.00500,0.98,0.98,0.004903,SPIKE,0,0.1400,0.2600,0.12000,96%,INFO,,,MEAN_REVERT,PRE_GAME,,
2026-02-24T02:41:09Z,1771900869,Lafayette vs. Colgate,aec-cbb-lafay-colg-2026-02-25,https://polymarket.us/event/aec-cbb-lafay-colg-2026-02-25,https://polymarket.us/market/aec-cbb-lafay-colg-2026-02-25,0.20000,0.19500,0.20000,0.00500,0.00500,0.98,0.98,0.004900,SPIKE,0,0.1400,0.2600,0.12000,96%,INFO,,,MEAN_REVERT,PRE_GAME,,
2026-02-24T02:41:10Z,1771900870,Lafayette vs. Colgate,aec-cbb-lafay-colg-2026-02-25,https://polymarket.us/event/aec-cbb-lafay-colg-2026-02-25,https://polymarket.us/market/aec-cbb-lafay-colg-2026-02-25,0.20000,0.19500,0.20000,0.00500,0.00500,0.98,0.98,0.004899,SPIKE,0,0.1400,0.2600,0.12000,96%,INFO,,,MEAN_REVERT,PRE_GAME,,
2026-02-24T02:41:11Z,1771900871,Lafayette vs. Colgate,aec-cbb-lafay-colg-2026-02-25,https://polymarket.us/event/aec-cbb-lafay-colg-2026-02-25,https://polymarket.us/market/aec-cbb-lafay-colg-2026-02-25,0.20000,0.19500,0.20000,0.00500,0.00500,0.98,0.98,0.004900,SPIKE,0,0.1400,0.2600,0.12000,96%,INFO,,,MEAN_REVERT,PRE_GAME,,
2026-02-24T02:41:21Z,1771900881,Sacramento vs. Memphis,aec-nba-sac-mem-2026-02-23,https://polymarket.us/event/aec-nba-sac-mem-2026-02-23,https://polymarket.us/market/aec-nba-sac-mem-2026-02-23,0.66000,0.66000,0.65500,-0.00500,0.00500,-1.52,1.52,-0.007591,DIP,252862,0.6500,0.6600,0.01000,96%,WATCH,,,MEAN_REVERT,LIVE,3,6
2026-02-24T02:41:22Z,1771900882,Sacramento vs. Memphis,aec-nba-sac-mem-2026-02-23,https://polymarket.us/event/aec-nba-sac-mem-2026-02-23,https://polymarket.us/market/aec-nba-sac-mem-2026-02-23,0.66000,0.65500,0.66000,0.00500,0.00500,-1.27,1.27,0.006347,SPIKE,252862,0.6500,0.6700,0.02000,96%,INFO,,,MEAN_REVERT,LIVE,3,6
2026-02-24T02:41:22Z,1771900882,Sacramento vs. Memphis,aec-nba-sac-mem-2026-02-23,https://polymarket.us/event/aec-nba-sac-mem-2026-02-23,https://polymarket.us/market/aec-nba-sac-mem-2026-02-23,0.65500,0.66000,0.66500,0.00500,0.00500,-1.03,1.03,0.005126,SPIKE,252862,0.6500,0.6800,0.03000,96%,INFO,,,MEAN_REVERT,LIVE,3,6
2026-02-24T02:41:23Z,1771900883,Sacramento vs. Memphis,aec-nba-sac-mem-2026-02-23,https://polymarket.us/event/aec-nba-sac-mem-2026-02-23,https://polymarket.us/market/aec-nba-sac-mem-2026-02-23,0.66000,0.66500,0.66000,-0.00500,0.00500,-1.21,1.21,-0.006074,DIP,252862,0.6500,0.6700,0.02000,96%,INFO,,,MEAN_REVERT,LIVE,3,6
2026-02-24T02:41:33Z,1771900893,Sacramento vs. Memphis,aec-nba-sac-mem-2026-02-23,https://polymarket.us/event/aec-nba-sac-mem-2026-02-23,https://polymarket.us/market/aec-nba-sac-mem-2026-02-23,0.66500,0.66500,0.66000,-0.00500,0.00500,-0.93,0.93,-0.004636,DIP,253890,0.6500,0.6700,0.02000,96%,INFO,,,MEAN_REVERT,LIVE,3,6
2026-02-24T02:41:38Z,1771900898,Houston vs. Kansas,aec-cbb-hou-kan-2026-02-23,https://polymarket.us/event/aec-cbb-hou-kan-2026-02-23,https://polymarket.us/market/aec-cbb-hou-kan-2026-02-23,0.70500,0.70500,0.69500,-0.01000,0.01000,-2.34,2.34,-0.023426,DIP,188584,0.6800,0.7100,0.03000,98%,WATCH,,FADE,MEAN_REVERT,LIVE,1,6
2026-02-24T02:41:39Z,1771900899,Houston vs. Kansas,aec-cbb-hou-kan-2026-02-23,https://polymarket.us/event/aec-cbb-hou-kan-2026-02-23,https://polymarket.us/market/aec-cbb-hou-kan-2026-02-23,0.69500,0.70000,0.69500,-0.00500,0.00500,-2.09,2.09,-0.010446,DIP,188584,0.6800,0.7100,0.03000,83%,WATCH,,FADE,MEAN_REVERT,LIVE,1,6
2026-02-24T02:41:42Z,1771900902,Utah vs. Houston,aec-nba-uta-hou-2026-02-23,https://polymarket.us/event/aec-nba-uta-hou-2026-02-23,https://polymarket.us/market/aec-nba-uta-hou-2026-02-23,0.12500,0.13000,0.12500,-0.00500,0.00500,-0.83,0.83,-0.004160,DIP,107160,0.1200,0.1300,0.01000,96%,INFO,,,MEAN_REVERT,PRE_GAME,,0
2026-02-24T02:41:44Z,1771900904,Sacramento vs. Memphis,aec-nba-sac-mem-2026-02-23,https://polymarket.us/event/aec-nba-sac-mem-2026-02-23,https://polymarket.us/market/aec-nba-sac-mem-2026-02-23,0.66500,0.66000,0.65500,-0.00500,0.00500,-1.16,1.16,-0.005782,DIP,254082,0.6400,0.6700,0.03000,96%,INFO,,,MEAN_REVERT,LIVE,3,6
2026-02-24T02:41:45Z,1771900905,Sacramento vs. Memphis,aec-nba-sac-mem-2026-02-23,https://polymarket.us/event/aec-nba-sac-mem-2026-02-23,https://polymarket.us/market/aec-nba-sac-mem-2026-02-23,0.66000,0.65500,0.65000,-0.00500,0.00500,-1.69,1.69,-0.008442,DIP,254082,0.6400,0.6600,0.02000,96%,WATCH,,,MEAN_REVERT,LIVE,3,6
2026-02-24T02:41:49Z,1771900909,Sacramento vs. Memphis,aec-nba-sac-mem-2026-02-23,https://polymarket.us/event/aec-nba-sac-mem-2026-02-23,https://polymarket.us/market/aec-nba-sac-mem-2026-02-23,0.65500,0.65000,0.64500,-0.00500,0.00500,-2.23,2.23,-0.011160,DIP,254082,0.6400,0.6500,0.01000,96%,WATCH,,FADE,MEAN_REVERT,LIVE,3,6
2026-02-24T02:41:50Z,1771900910,Houston vs. Kansas,aec-cbb-hou-kan-2026-02-23,https://polymarket.us/event/aec-cbb-hou-kan-2026-02-23,https://polymarket.us/market/aec-cbb-hou-kan-2026-02-23,0.69500,0.70000,0.69500,-0.00500,0.00500,-1.98,1.98,-0.009924,DIP,188584,0.6800,0.7100,0.03000,83%,WATCH,,,MEAN_REVERT,LIVE,1,6
2026-02-24T02:41:50Z,1771900910,Houston vs. Kansas,aec-cbb-hou-kan-2026-02-23,https://polymarket.us/event/aec-cbb-hou-kan-2026-02-23,https://polymarket.us/market/aec-cbb-hou-kan-2026-02-23,0.70000,0.69500,0.69000,-0.00500,0.00500,-3.00,3.00,-0.015000,DIP,188584,0.6700,0.7100,0.04000,97%,ALERT,,FADE,MEAN_REVERT,LIVE,1,6
2026-02-24T02:41:51Z,1771900911,Houston vs. Kansas,aec-cbb-hou-kan-2026-02-23,https://polymarket.us/event/aec-cbb-hou-kan-2026-02-23,https://polymarket.us/market/aec-cbb-hou-kan-2026-02-23,0.69500,0.69000,0.68500,-0.00500,0.00500,-3.59,3.59,-0.017962,DIP,188584,0.6700,0.7000,0.03000,83%,ALERT,,FADE,MEAN_REVERT,LIVE,1,6
2026-02-24T02:41:51Z,1771900911,Houston vs. Kansas,aec-cbb-hou-kan-2026-02-23,https://polymarket.us/event/aec-cbb-hou-kan-2026-02-23,https://polymarket.us/market/aec-cbb-hou-kan-2026-02-23,0.69000,0.68500,0.68000,-0.00500,0.00500,-3.84,3.84,-0.019187,DIP,188584,0.6700,0.6900,0.02000,97%,ALERT,,FADE,MEAN_REVERT,LIVE,1,6
2026-02-24T02:41:51Z,1771900911,Sacramento vs. Memphis,aec-nba-sac-mem-2026-02-23,https://polymarket.us/event/aec-nba-sac-mem-2026-02-23,https://polymarket.us/market/aec-nba-sac-mem-2026-02-23,0.66000,0.66000,0.65500,-0.00500,0.00500,-1.12,1.12,-0.005616,DIP,264063,0.6400,0.6700,0.03000,96%,INFO,,,MEAN_REVERT,LIVE,3,6
2026-02-24T02:41:51Z,1771900911,Sacramento vs. Memphis,aec-nba-sac-mem-2026-02-23,https://polymarket.us/event/aec-nba-sac-mem-2026-02-23,https://polymarket.us/market/aec-nba-sac-mem-2026-02-23,0.66000,0.65500,0.65000,-0.00500,0.00500,-1.76,1.76,-0.008788,DIP,264063,0.6300,0.6700,0.04000,96%,WATCH,,,MEAN_REVERT,LIVE,3,6
2026-02-24T02:41:52Z,1771900912,Sacramento vs. Memphis,aec-nba-sac-mem-2026-02-23,https://polymarket.us/event/aec-nba-sac-mem-2026-02-23,https://polymarket.us/market/aec-nba-sac-mem-2026-02-23,0.65500,0.65000,0.64500,-0.00500,0.00500,-2.44,2.44,-0.012211,DIP,264063,0.6300,0.6600,0.03000,96%,WATCH,,FADE,MEAN_REVERT,LIVE,3,6
2026-02-24T02:41:52Z,1771900912,Houston vs. Kansas,aec-cbb-hou-kan-2026-02-23,https://polymarket.us/event/aec-cbb-hou-kan-2026-02-23,https://polymarket.us/market/aec-cbb-hou-kan-2026-02-23,0.68000,0.68000,0.67500,-0.00500,0.00500,-3.49,3.49,-0.017471,DIP,188728,0.6600,0.6900,0.03000,83%,ALERT,,FADE,MEAN_REVERT,LIVE,1,6
2026-02-24T02:41:53Z,1771900913,Sacramento vs. Memphis,aec-nba-sac-mem-2026-02-23,https://polymarket.us/event/aec-nba-sac-mem-2026-02-23,https://polymarket.us/market/aec-nba-sac-mem-2026-02-23,0.65000,0.64500,0.65000,0.00500,0.00500,-1.71,1.71,0.008536,SPIKE,264063,0.6300,0.6700,0.04000,96%,WATCH,,,MEAN_REVERT,LIVE,3,6
2026-02-24T02:41:54Z,1771900914,Sacramento vs. Memphis,aec-nba-sac-mem-2026-02-23,https://polymarket.us/event/aec-nba-sac-mem-2026-02-23,https://polymarket.us/market/aec-nba-sac-mem-2026-02-23,0.64500,0.65000,0.65500,0.00500,0.00500,-0.95,0.95,0.004745,SPIKE,264063,0.6400,0.6700,0.03000,96%,INFO,,,MEAN_REVERT,LIVE,3,6
2026-02-24T02:41:54Z,1771900914,Sacramento vs. Memphis,aec-nba-sac-mem-2026-02-23,https://polymarket.us/event/aec-nba-sac-mem-2026-02-23,https://polymarket.us/market/aec-nba-sac-mem-2026-02-23,0.65000,0.65500,0.65000,-0.00500,0.00500,-1.69,1.69,-0.008453,DIP,264063,0.6300,0.6700,0.04000,96%,WATCH,,,MEAN_REVERT,LIVE,3,6
2026-02-24T02:41:54Z,1771900914,Sacramento vs. Memphis,aec-nba-sac-mem-2026-02-23,https://polymarket.us/event/aec-nba-sac-mem-2026-02-23,https://polymarket.us/market/aec-nba-sac-mem-2026-02-23,0.65500,0.65000,0.65500,0.00500,0.00500,-0.86,0.86,0.004287,SPIKE,264063,0.6300,0.6800,0.05000,96%,INFO,,,MEAN_REVERT,LIVE,3,6
2026-02-24T02:41:54Z,1771900914,Sacramento vs. Memphis,aec-nba-sac-mem-2026-02-23,https://polymarket.us/event/aec-nba-sac-mem-2026-02-23,https://polymarket.us/market/aec-nba-sac-mem-2026-02-23,0.65000,0.65500,0.66500,0.01000,0.01000,0.89,0.89,0.008947,SPIKE,264063,0.6300,0.7000,0.07000,100%,INFO,,,MEAN_REVERT,LIVE,3,6
2026-02-24T02:41:55Z,1771900915,Sacramento vs. Memphis,aec-nba-sac-mem-2026-02-23,https://polymarket.us/event/aec-nba-sac-mem-2026-02-23,https://polymarket.us/market/aec-nba-sac-mem-2026-02-23,0.66000,0.66000,0.66500,0.00500,0.00500,0.93,0.93,0.004673,SPIKE,264063,0.6400,0.6900,0.05000,96%,INFO,,,MEAN_REVERT,LIVE,3,6
2026-02-24T02:41:55Z,1771900915,Sacramento vs. Memphis,aec-nba-sac-mem-2026-02-23,https://polymarket.us/event/aec-nba-sac-mem-2026-02-23,https://polymarket.us/market/aec-nba-sac-mem-2026-02-23,0.66000,0.66500,0.67000,0.00500,0.00500,1.74,1.74,0.008704,SPIKE,264063,0.6400,0.7000,0.06000,82%,WATCH,,,MEAN_REVERT,LIVE,3,6
2026-02-24T02:41:55Z,1771900915,Sacramento vs. Memphis,aec-nba-sac-mem-2026-02-23,https://polymarket.us/event/aec-nba-sac-mem-2026-02-23,https://polymarket.us/market/aec-nba-sac-mem-2026-02-23,0.66500,0.67000,0.67500,0.00500,0.00500,2.40,2.40,0.012017,SPIKE,264063,0.6500,0.7000,0.05000,97%,WATCH,,FADE,MEAN_REVERT,LIVE,3,6
2026-02-24T02:41:55Z,1771900915,Sacramento vs. Memphis,aec-nba-sac-mem-2026-02-23,https://polymarket.us/event/aec-nba-sac-mem-2026-02-23,https://polymarket.us/market/aec-nba-sac-mem-2026-02-23,0.67000,0.67500,0.67000,-0.00500,0.00500,1.52,1.52,-0.007582,DIP,264063,0.6400,0.7000,0.06000,97%,WATCH,,,MEAN_REVERT,LIVE,3,6
2026-02-24T02:41:55Z,1771900915,Sacramento vs. Memphis,aec-nba-sac-mem-2026-02-23,https://polymarket.us/event/aec-nba-sac-mem-2026-02-23,https://polymarket.us/market/aec-nba-sac-mem-2026-02-23,0.67500,0.67000,0.68500,0.01500,0.01500,3.36,3.36,0.050410,SPIKE,264063,0.6600,0.7100,0.05000,100%,ALERT,,FADE,MEAN_REVERT,LIVE,3,6
2026-02-24T02:41:55Z,1771900915,Sacramento vs. Memphis,aec-nba-sac-mem-2026-02-23,https://polymarket.us/event/aec-nba-sac-mem-2026-02-23,https://polymarket.us/market/aec-nba-sac-mem-2026-02-23,0.67000,0.68500,0.68000,-0.00500,0.00500,2.44,2.44,-0.012207,DIP,264063,0.6600,0.7000,0.04000,97%,WATCH,,FADE,MEAN_REVERT,LIVE,3,6
2026-02-24T02:41:55Z,1771900915,Sacramento vs. Memphis,aec-nba-sac-mem-2026-02-23,https://polymarket.us/event/aec-nba-sac-mem-2026-02-23,https://polymarket.us/market/aec-nba-sac-mem-2026-02-23,0.68500,0.68000,0.67500,-0.00500,0.00500,1.69,1.69,-0.008472,DIP,264063,0.6600,0.6900,0.03000,82%,WATCH,,,MEAN_REVERT,LIVE,3,6
2026-02-24T02:41:56Z,1771900916,Sacramento vs. Memphis,aec-nba-sac-mem-2026-02-23,https://polymarket.us/event/aec-nba-sac-mem-2026-02-23,https://polymarket.us/market/aec-nba-sac-mem-2026-02-23,0.66500,0.65500,0.65000,-0.00500,0.00500,-1.42,1.42,-0.007118,DIP,264063,0.6300,0.6700,0.04000,95%,INFO,,,MEAN_REVERT,LIVE,3,6
2026-02-24T02:41:57Z,1771900917,San Antonio vs. Detroit,aec-nba-sa-det-2026-02-23,https://polymarket.us/event/aec-nba-sa-det-2026-02-23,https://polymarket.us/market/aec-nba-sa-det-2026-02-23,0.97000,0.97000,0.97500,0.00500,0.00500,4.18,4.18,0.020890,SPIKE,625290,0.9700,0.9800,0.01000,95%,ALERT,,FADE,MEAN_REVERT,LIVE,4,10
2026-02-24T02:42:00Z,1771900920,Sacramento vs. Memphis,aec-nba-sac-mem-2026-02-23,https://polymarket.us/event/aec-nba-sac-mem-2026-02-23,https://polymarket.us/market/aec-nba-sac-mem-2026-02-23,0.65500,0.65500,0.64500,-0.01000,0.01000,-1.86,1.86,-0.018574,DIP,264361,0.6300,0.6600,0.03000,99%,WATCH,,,MEAN_REVERT,LIVE,3,6
2026-02-24T02:42:00Z,1771900920,Sacramento vs. Memphis,aec-nba-sac-mem-2026-02-23,https://polymarket.us/event/aec-nba-sac-mem-2026-02-23,https://polymarket.us/market/aec-nba-sac-mem-2026-02-23,0.65500,0.64500,0.64000,-0.00500,0.00500,-2.27,2.27,-0.011345,DIP,264361,0.6200,0.6600,0.04000,95%,WATCH,,FADE,MEAN_REVERT,LIVE,3,6
2026-02-24T02:42:01Z,1771900921,Houston vs. Kansas,aec-cbb-hou-kan-2026-02-23,https://polymarket.us/event/aec-cbb-hou-kan-2026-02-23,https://polymarket.us/market/aec-cbb-hou-kan-2026-02-23,0.67500,0.67500,0.67000,-0.00500,0.00500,-2.96,2.96,-0.014808,DIP,189489,0.6500,0.6900,0.04000,97%,WATCH,,FADE,MEAN_REVERT,LIVE,1,6
2026-02-24T02:42:01Z,1771900921,San Antonio vs. Detroit,aec-nba-sa-det-2026-02-23,https://polymarket.us/event/aec-nba-sa-det-2026-02-23,https://polymarket.us/market/aec-nba-sa-det-2026-02-23,0.97500,0.97500,0.98000,0.00500,0.00500,4.62,4.62,0.023095,SPIKE,625323,0.9700,0.9900,0.02000,95%,ALERT,,FADE,MEAN_REVERT,LIVE,4,10
2026-02-24T02:42:02Z,1771900922,Sacramento vs. Memphis,aec-nba-sac-mem-2026-02-23,https://polymarket.us/event/aec-nba-sac-mem-2026-02-23,https://polymarket.us/market/aec-nba-sac-mem-2026-02-23,0.64500,0.64000,0.63000,-0.01000,0.01000,-3.00,3.00,-0.029956,DIP,264361,0.6100,0.6500,0.04000,99%,WATCH,,FADE,MEAN_REVERT,LIVE,3,6
2026-02-24T02:42:02Z,1771900922,Sacramento vs. Memphis,aec-nba-sac-mem-2026-02-23,https://polymarket.us/event/aec-nba-sac-mem-2026-02-23,https://polymarket.us/market/aec-nba-sac-mem-2026-02-23,0.64000,0.63000,0.63500,0.00500,0.00500,-2.31,2.31,0.011558,SPIKE,264361,0.6100,0.6600,0.05000,95%,WATCH,,FADE,MEAN_REVERT,LIVE,3,6
2026-02-24T02:42:02Z,1771900922,Sacramento vs. Memphis,aec-nba-sac-mem-2026-02-23,https://polymarket.us/event/aec-nba-sac-mem-2026-02-23,https://polymarket.us/market/aec-nba-sac-mem-2026-02-23,0.63000,0.63500,0.63000,-0.00500,0.00500,-2.55,2.55,-0.012729,DIP,264361,0.6100,0.6500,0.04000,95%,WATCH,,FADE,MEAN_REVERT,LIVE,3,6
2026-02-24T02:42:02Z,1771900922,Sacramento vs. Memphis,aec-nba-sac-mem-2026-02-23,https://polymarket.us/event/aec-nba-sac-mem-2026-02-23,https://polymarket.us/market/aec-nba-sac-mem-2026-02-23,0.63500,0.63000,0.63500,0.00500,0.00500,-1.97,1.97,0.009842,SPIKE,264361,0.6200,0.6500,0.03000,95%,WATCH,,,MEAN_REVERT,LIVE,3,6
2026-02-24T02:42:02Z,1771900922,Sacramento vs. Memphis,aec-nba-sac-mem-2026-02-23,https://polymarket.us/event/aec-nba-sac-mem-2026-02-23,https://polymarket.us/market/aec-nba-sac-mem-2026-02-23,0.63000,0.63500,0.63000,-0.00500,0.00500,-2.23,2.23,-0.011135,DIP,264361,0.6100,0.6500,0.04000,95%,WATCH,,FADE,MEAN_REVERT,LIVE,3,6
2026-02-24T02:42:02Z,1771900922,Houston vs. Kansas,aec-cbb-hou-kan-2026-02-23,https://polymarket.us/event/aec-cbb-hou-kan-2026-02-23,https://polymarket.us/market/aec-cbb-hou-kan-2026-02-23,0.67500,0.67000,0.67500,0.00500,0.00500,-2.27,2.27,0.011336,SPIKE,189489,0.6600,0.6900,0.03000,97%,WATCH,,FADE,MEAN_REVERT,LIVE,1,6
2026-02-24T02:42:03Z,1771900923,Sacramento vs. Memphis,aec-nba-sac-mem-2026-02-23,https://polymarket.us/event/aec-nba-sac-mem-2026-02-23,https://polymarket.us/market/aec-nba-sac-mem-2026-02-23,0.63500,0.63000,0.62500,-0.00500,0.00500,-2.42,2.42,-0.012111,DIP,264361,0.6100,0.6400,0.03000,95%,WATCH,,FADE,MEAN_REVERT,LIVE,3,6
2026-02-24T02:42:04Z,1771900924,San Antonio vs. Detroit,aec-nba-sa-det-2026-02-23,https://polymarket.us/event/aec-nba-sa-det-2026-02-23,https://polymarket.us/market/aec-nba-sa-det-2026-02-23,0.97500,0.98000,0.98500,0.00500,0.00500,4.90,4.90,0.024495,SPIKE,625323,0.9800,0.9900,0.01000,95%,ALERT,,FADE,MEAN_REVERT,LIVE,4,10
2026-02-24T02:42:04Z,1771900924,Sacramento vs. Memphis,aec-nba-sac-mem-2026-02-23,https://polymarket.us/event/aec-nba-sac-mem-2026-02-23,https://polymarket.us/market/aec-nba-sac-mem-2026-02-23,0.63000,0.62500,0.63000,0.00500,0.00500,-1.92,1.92,0.009579,SPIKE,264361,0.6200,0.6400,0.02000,95%,WATCH,,,MEAN_REVERT,LIVE,3,6
2026-02-24T02:42:04Z,1771900924,Sacramento vs. Memphis,aec-nba-sac-mem-2026-02-23,https://polymarket.us/event/aec-nba-sac-mem-2026-02-23,https://polymarket.us/market/aec-nba-sac-mem-2026-02-23,0.62500,0.63000,0.63500,0.00500,0.00500,-1.48,1.48,0.007375,SPIKE,264361,0.6200,0.6500,0.03000,95%,INFO,,,MEAN_REVERT,LIVE,3,6
2026-02-24T02:42:06Z,1771900926,Sacramento vs. Memphis,aec-nba-sac-mem-2026-02-23,https://polymarket.us/event/aec-nba-sac-mem-2026-02-23,https://polymarket.us/market/aec-nba-sac-mem-2026-02-23,0.63500,0.63500,0.63000,-0.00500,0.00500,-1.57,1.57,-0.007827,DIP,265167,0.6100,0.6500,0.04000,95%,WATCH,,,MEAN_REVERT,LIVE,3,6
2026-02-24T02:42:08Z,1771900928,San Antonio vs. Detroit,aec-nba-sa-det-2026-02-23,https://polymarket.us/event/aec-nba-sa-det-2026-02-23,https://polymarket.us/market/aec-nba-sa-det-2026-02-23,0.98000,0.98500,0.98000,-0.00500,0.00500,2.86,2.86,-0.014292,DIP,625323,0.9700,0.9900,0.02000,95%,WATCH,,FADE,MEAN_REVERT,LIVE,4,10
2026-02-24T02:42:08Z,1771900928,Sacramento vs. Memphis,aec-nba-sac-mem-2026-02-23,https://polymarket.us/event/aec-nba-sac-mem-2026-02-23,https://polymarket.us/market/aec-nba-sac-mem-2026-02-23,0.63000,0.63000,0.62500,-0.00500,0.00500,-1.73,1.73,-0.008674,DIP,265424,0.6000,0.6500,0.05000,95%,WATCH,,,MEAN_REVERT,LIVE,3,6
2026-02-24T02:42:08Z,1771900928,Sacramento vs. Memphis,aec-nba-sac-mem-2026-02-23,https://polymarket.us/event/aec-nba-sac-mem-2026-02-23,https://polymarket.us/market/aec-nba-sac-mem-2026-02-23,0.63000,0.62500,0.63000,0.00500,0.00500,-1.35,1.35,0.006740,SPIKE,265424,0.6100,0.6500,0.04000,95%,INFO,,,MEAN_REVERT,LIVE,3,6
2026-02-24T02:42:11Z,1771900931,Sacramento vs. Memphis,aec-nba-sac-mem-2026-02-23,https://polymarket.us/event/aec-nba-sac-mem-2026-02-23,https://polymarket.us/market/aec-nba-sac-mem-2026-02-23,0.63000,0.63000,0.62500,-0.00500,0.00500,-1.54,1.54,-0.007703,DIP,265482,0.6100,0.6400,0.03000,95%,WATCH,,,MEAN_REVERT,LIVE,3,6
2026-02-24T02:42:11Z,1771900931,Sacramento vs. Memphis,aec-nba-sac-mem-2026-02-23,https://polymarket.us/event/aec-nba-sac-mem-2026-02-23,https://polymarket.us/market/aec-nba-sac-mem-2026-02-23,0.63000,0.62500,0.62000,-0.00500,0.00500,-1.76,1.76,-0.008799,DIP,265482,0.6000,0.6400,0.04000,95%,WATCH,,,MEAN_REVERT,LIVE,3,6
2026-02-24T02:42:11Z,1771900931,Sacramento vs. Memphis,aec-nba-sac-mem-2026-02-23,https://polymarket.us/event/aec-nba-sac-mem-2026-02-23,https://polymarket.us/market/aec-nba-sac-mem-2026-02-23,0.62500,0.62000,0.61500,-0.00500,0.00500,-1.95,1.95,-0.009733,DIP,265482,0.6000,0.6300,0.03000,95%,WATCH,,,MEAN_REVERT,LIVE,3,6
2026-02-24T02:42:12Z,1771900932,Houston vs. Kansas,aec-cbb-hou-kan-2026-02-23,https://polymarket.us/event/aec-cbb-hou-kan-2026-02-23,https://polymarket.us/market/aec-cbb-hou-kan-2026-02-23,0.67500,0.67500,0.68000,0.00500,0.00500,-1.57,1.57,0.007857,SPIKE,189521,0.6700,0.6900,0.02000,81%,WATCH,,,MEAN_REVERT,LIVE,1,6
2026-02-24T02:42:13Z,1771900933,Houston vs. Kansas,aec-cbb-hou-kan-2026-02-23,https://polymarket.us/event/aec-cbb-hou-kan-2026-02-23,https://polymarket.us/market/aec-cbb-hou-kan-2026-02-23,0.67500,0.68000,0.68500,0.00500,0.00500,-1.07,1.07,0.005367,SPIKE,189772,0.6700,0.7000,0.03000,97%,INFO,,,MEAN_REVERT,LIVE,1,6
2026-02-24T02:42:14Z,1771900934,Sacramento vs. Memphis,aec-nba-sac-mem-2026-02-23,https://polymarket.us/event/aec-nba-sac-mem-2026-02-23,https://polymarket.us/market/aec-nba-sac-mem-2026-02-23,0.61500,0.61500,0.62000,0.00500,0.00500,-1.48,1.48,0.007423,SPIKE,265486,0.6000,0.6400,0.04000,95%,INFO,,,MEAN_REVERT,LIVE,3,6
2026-02-24T02:42:14Z,1771900934,Sacramento vs. Memphis,aec-nba-sac-mem-2026-02-23,https://polymarket.us/event/aec-nba-sac-mem-2026-02-23,https://polymarket.us/market/aec-nba-sac-mem-2026-02-23,0.61500,0.62000,0.60500,-0.01500,0.01500,-2.17,2.17,-0.032561,DIP,265486,0.5700,0.6400,0.07000,100%,WATCH,,FADE,MEAN_REVERT,LIVE,3,6
2026-02-24T02:42:14Z,1771900934,Sacramento vs. Memphis,aec-nba-sac-mem-2026-02-23,https://polymarket.us/event/aec-nba-sac-mem-2026-02-23,https://polymarket.us/market/aec-nba-sac-mem-2026-02-23,0.62000,0.60500,0.61000,0.00500,0.00500,-1.80,1.80,0.008977,SPIKE,265486,0.5900,0.6300,0.04000,95%,WATCH,,,MEAN_REVERT,LIVE,3,6
2026-02-24T02:42:14Z,1771900934,Sacramento vs. Memphis,aec-nba-sac-mem-2026-02-23,https://polymarket.us/event/aec-nba-sac-mem-2026-02-23,https://polymarket.us/market/aec-nba-sac-mem-2026-02-23,0.61000,0.61000,0.61500,0.00500,0.00500,-1.39,1.39,0.006948,SPIKE,265639,0.5900,0.6400,0.05000,95%,INFO,,,MEAN_REVERT,LIVE,3,6
2026-02-24T02:42:14Z,1771900934,Sacramento vs. Memphis,aec-nba-sac-mem-2026-02-23,https://polymarket.us/event/aec-nba-sac-mem-2026-02-23,https://polymarket.us/market/aec-nba-sac-mem-2026-02-23,0.61000,0.61500,0.61000,-0.00500,0.00500,-1.56,1.56,-0.007803,DIP,265639,0.5900,0.6300,0.04000,95%,WATCH,,,MEAN_REVERT,LIVE,3,6
2026-02-24T02:42:15Z,1771900935,San Antonio vs. Detroit,aec-nba-sa-det-2026-02-23,https://polymarket.us/event/aec-nba-sa-det-2026-02-23,https://polymarket.us/market/aec-nba-sa-det-2026-02-23,0.98000,0.98000,0.98500,0.00500,0.00500,3.13,3.13,0.015661,SPIKE,626793,0.9800,0.9900,0.01000,95%,ALERT,,FADE,MEAN_REVERT,LIVE,4,10
2026-02-24T02:42:15Z,1771900935,Sacramento vs. Memphis,aec-nba-sac-mem-2026-02-23,https://polymarket.us/event/aec-nba-sac-mem-2026-02-23,https://polymarket.us/market/aec-nba-sac-mem-2026-02-23,0.61000,0.61000,0.61500,0.00500,0.00500,-1.14,1.14,0.005705,SPIKE,265654,0.5900,0.6400,0.05000,95%,INFO,,,MEAN_REVERT,LIVE,3,6
2026-02-24T02:42:15Z,1771900935,Sacramento vs. Memphis,aec-nba-sac-mem-2026-02-23,https://polymarket.us/event/aec-nba-sac-mem-2026-02-23,https://polymarket.us/market/aec-nba-sac-mem-2026-02-23,0.61000,0.61500,0.61000,-0.00500,0.00500,-1.32,1.32,-0.006585,DIP,265654,0.5900,0.6300,0.04000,95%,INFO,,,MEAN_REVERT,LIVE,3,6
2026-02-24T02:42:16Z,1771900936,Sacramento vs. Memphis,aec-nba-sac-mem-2026-02-23,https://polymarket.us/event/aec-nba-sac-mem-2026-02-23,https://polymarket.us/market/aec-nba-sac-mem-2026-02-23,0.61500,0.61000,0.60500,-0.00500,0.00500,-1.48,1.48,-0.007392,DIP,265654,0.5900,0.6200,0.03000,95%,INFO,,,MEAN_REVERT,LIVE,3,6
2026-02-24T02:42:16Z,1771900936,Sacramento vs. Memphis,aec-nba-sac-mem-2026-02-23,https://polymarket.us/event/aec-nba-sac-mem-2026-02-23,https://polymarket.us/market/aec-nba-sac-mem-2026-02-23,0.61000,0.60500,0.61000,0.00500,0.00500,-1.20,1.20,0.006000,SPIKE,265654,0.6000,0.6200,0.02000,95%,INFO,,,MEAN_REVERT,LIVE,3,6
2026-02-24T02:42:18Z,1771900938,Sacramento vs. Memphis,aec-nba-sac-mem-2026-02-23,https://polymarket.us/event/aec-nba-sac-mem-2026-02-23,https://polymarket.us/market/aec-nba-sac-mem-2026-02-23,0.61000,0.61000,0.61500,0.00500,0.00500,-0.85,0.85,0.004266,SPIKE,265883,0.6000,0.6300,0.03000,95%,INFO,,,MEAN_REVERT,LIVE,3,6
2026-02-24T02:42:22Z,1771900942,Sacramento vs. Memphis,aec-nba-sac-mem-2026-02-23,https://polymarket.us/event/aec-nba-sac-mem-2026-02-23,https://polymarket.us/market/aec-nba-sac-mem-2026-02-23,0.62000,0.61500,0.60500,-0.01000,0.01000,-1.69,1.69,-0.016916,DIP,266039,0.5900,0.6200,0.03000,99%,WATCH,,,MEAN_REVERT,LIVE,3,5
2026-02-24T02:42:22Z,1771900942,Sacramento vs. Memphis,aec-nba-sac-mem-2026-02-23,https://polymarket.us/event/aec-nba-sac-mem-2026-02-23,https://polymarket.us/market/aec-nba-sac-mem-2026-02-23,0.61500,0.60500,0.61000,0.00500,0.00500,-1.17,1.17,0.005865,SPIKE,266039,0.5900,0.6300,0.04000,95%,INFO,,,MEAN_REVERT,LIVE,3,5
2026-02-24T02:42:23Z,1771900943,Sacramento vs. Memphis,aec-nba-sac-mem-2026-02-23,https://polymarket.us/event/aec-nba-sac-mem-2026-02-23,https://polymarket.us/market/aec-nba-sac-mem-2026-02-23,0.60500,0.61000,0.60500,-0.00500,0.00500,-1.64,1.64,-0.008193,DIP,266039,0.5900,0.6200,0.03000,95%,WATCH,,,MEAN_REVERT,LIVE,3,5
2026-02-24T02:42:23Z,1771900943,Sacramento vs. Memphis,aec-nba-sac-mem-2026-02-23,https://polymarket.us/event/aec-nba-sac-mem-2026-02-23,https://polymarket.us/market/aec-nba-sac-mem-2026-02-23,0.61000,0.60500,0.57500,-0.03000,0.03000,-3.91,3.91,-0.117426,DIP,266209,0.5300,0.6200,0.09000,100%,ALERT,,FADE,MEAN_REVERT,LIVE,3,5
2026-02-24T02:42:23Z,1771900943,Sacramento vs. Memphis,aec-nba-sac-mem-2026-02-23,https://polymarket.us/event/aec-nba-sac-mem-2026-02-23,https://polymarket.us/market/aec-nba-sac-mem-2026-02-23,0.60500,0.57500,0.60500,0.03000,0.03000,-1.23,1.23,0.036816,SPIKE,266209,0.5900,0.6200,0.03000,100%,INFO,,,MEAN_REVERT,LIVE,3,5
2026-02-24T02:42:23Z,1771900943,Sacramento vs. Memphis,aec-nba-sac-mem-2026-02-23,https://polymarket.us/event/aec-nba-sac-mem-2026-02-23,https://polymarket.us/market/aec-nba-sac-mem-2026-02-23,0.57500,0.60500,0.59500,-0.01000,0.01000,-1.98,1.98,-0.019838,DIP,266241,0.5700,0.6200,0.05000,99%,WATCH,,,MEAN_REVERT,LIVE,3,5
2026-02-24T02:42:24Z,1771900944,Sacramento vs. Memphis,aec-nba-sac-mem-2026-02-23,https://polymarket.us/event/aec-nba-sac-mem-2026-02-23,https://polymarket.us/market/aec-nba-sac-mem-2026-02-23,0.60500,0.60500,0.60000,-0.00500,0.00500,-1.41,1.41,-0.007054,DIP,266248,0.5900,0.6100,0.02000,94%,INFO,,,MEAN_REVERT,LIVE,3,5
2026-02-24T02:42:25Z,1771900945,Sacramento vs. Memphis,aec-nba-sac-mem-2026-02-23,https://polymarket.us/event/aec-nba-sac-mem-2026-02-23,https://polymarket.us/market/aec-nba-sac-mem-2026-02-23,0.60500,0.60000,0.59500,-0.00500,0.00500,-1.74,1.74,-0.008718,DIP,266248,0.5800,0.6100,0.03000,94%,WATCH,,,MEAN_REVERT,LIVE,3,5
2026-02-24T02:42:25Z,1771900945,Sacramento vs. Memphis,aec-nba-sac-mem-2026-02-23,https://polymarket.us/event/aec-nba-sac-mem-2026-02-23,https://polymarket.us/market/aec-nba-sac-mem-2026-02-23,0.59500,0.59500,0.59000,-0.00500,0.00500,-1.99,1.99,-0.009934,DIP,266295,0.5800,0.6000,0.02000,95%,WATCH,,,MEAN_REVERT,LIVE,3,5
2026-02-24T02:42:27Z,1771900947,Sacramento vs. Memphis,aec-nba-sac-mem-2026-02-23,https://polymarket.us/event/aec-nba-sac-mem-2026-02-23,https://polymarket.us/market/aec-nba-sac-mem-2026-02-23,0.59500,0.59000,0.59500,0.00500,0.00500,-1.52,1.52,0.007603,SPIKE,266295,0.5900,0.6000,0.01000,94%,WATCH,,,MEAN_REVERT,LIVE,3,5
2026-02-24T02:42:27Z,1771900947,Sacramento vs. Memphis,aec-nba-sac-mem-2026-02-23,https://polymarket.us/event/aec-nba-sac-mem-2026-02-23,https://polymarket.us/market/aec-nba-sac-mem-2026-02-23,0.59000,0.59500,0.59000,-0.00500,0.00500,-1.85,1.85,-0.009271,DIP,266295,0.5800,0.6000,0.02000,94%,WATCH,,,MEAN_REVERT,LIVE,3,5
2026-02-24T02:42:27Z,1771900947,Sacramento vs. Memphis,aec-nba-sac-mem-2026-02-23,https://polymarket.us/event/aec-nba-sac-mem-2026-02-23,https://polymarket.us/market/aec-nba-sac-mem-2026-02-23,0.59500,0.59000,0.59500,0.00500,0.00500,-1.39,1.39,0.006934,SPIKE,266295,0.5900,0.6000,0.01000,94%,INFO,,,MEAN_REVERT,LIVE,3,5
2026-02-24T02:42:29Z,1771900949,Sacramento vs. Memphis,aec-nba-sac-mem-2026-02-23,https://polymarket.us/event/aec-nba-sac-mem-2026-02-23,https://polymarket.us/market/aec-nba-sac-mem-2026-02-23,0.60500,0.61000,0.62500,0.01500,0.01500,1.34,1.34,0.020139,SPIKE,266564,0.5900,0.6600,0.07000,100%,INFO,,,MEAN_REVERT,LIVE,3,5
2026-02-24T02:42:32Z,1771900952,Sacramento vs. Memphis,aec-nba-sac-mem-2026-02-23,https://polymarket.us/event/aec-nba-sac-mem-2026-02-23,https://polymarket.us/market/aec-nba-sac-mem-2026-02-23,0.61500,0.61500,0.62000,0.00500,0.00500,0.85,0.85,0.004263,SPIKE,266973,0.6000,0.6400,0.04000,94%,INFO,,,MEAN_REVERT,LIVE,3,5
2026-02-24T02:42:32Z,1771900952,Sacramento vs. Memphis,aec-nba-sac-mem-2026-02-23,https://polymarket.us/event/aec-nba-sac-mem-2026-02-23,https://polymarket.us/market/aec-nba-sac-mem-2026-02-23,0.61500,0.62000,0.63500,0.01500,0.01500,2.03,2.03,0.030477,SPIKE,266973,0.6000,0.6700,0.07000,100%,WATCH,,FADE,MEAN_REVERT,LIVE,3,5
2026-02-24T02:42:33Z,1771900953,Sacramento vs. Memphis,aec-nba-sac-mem-2026-02-23,https://polymarket.us/event/aec-nba-sac-mem-2026-02-23,https://polymarket.us/market/aec-nba-sac-mem-2026-02-23,0.62000,0.63500,0.64000,0.00500,0.00500,2.27,2.27,0.011364,SPIKE,266973,0.6000,0.6800,0.08000,94%,WATCH,,FADE,MEAN_REVERT,LIVE,3,5
2026-02-24T02:42:33Z,1771900953,Sacramento vs. Memphis,aec-nba-sac-mem-2026-02-23,https://polymarket.us/event/aec-nba-sac-mem-2026-02-23,https://polymarket.us/market/aec-nba-sac-mem-2026-02-23,0.63500,0.64000,0.63500,-0.00500,0.00500,1.77,1.77,-0.008872,DIP,266973,0.6100,0.6600,0.05000,94%,WATCH,,,MEAN_REVERT,LIVE,3,5
2026-02-24T02:42:33Z,1771900953,Sacramento vs. Memphis,aec-nba-sac-mem-2026-02-23,https://polymarket.us/event/aec-nba-sac-mem-2026-02-23,https://polymarket.us/market/aec-nba-sac-mem-2026-02-23,0.64000,0.63500,0.64000,0.00500,0.00500,2.02,2.02,0.010121,SPIKE,266973,0.6100,0.6700,0.06000,94%,WATCH,,FADE,MEAN_REVERT,LIVE,3,5
2026-02-24T02:42:33Z,1771900953,Sacramento vs. Memphis,aec-nba-sac-mem-2026-02-23,https://polymarket.us/event/aec-nba-sac-mem-2026-02-23,https://polymarket.us/market/aec-nba-sac-mem-2026-02-23,0.63500,0.64000,0.63500,-0.00500,0.00500,1.58,1.58,-0.007918,DIP,266973,0.6100,0.6600,0.05000,94%,WATCH,,,MEAN_REVERT,LIVE,3,5
2026-02-24T02:42:33Z,1771900953,Houston vs. Kansas,aec-cbb-hou-kan-2026-02-23,https://polymarket.us/event/aec-cbb-hou-kan-2026-02-23,https://polymarket.us/market/aec-cbb-hou-kan-2026-02-23,0.69000,0.68500,0.67500,-0.01000,0.01000,-1.78,1.78,-0.017817,DIP,189806,0.6600,0.6900,0.03000,99%,WATCH,,,MEAN_REVERT,LIVE,1,6
2026-02-24T02:42:33Z,1771900953,Sacramento vs. Memphis,aec-nba-sac-mem-2026-02-23,https://polymarket.us/event/aec-nba-sac-mem-2026-02-23,https://polymarket.us/market/aec-nba-sac-mem-2026-02-23,0.64000,0.63500,0.64500,0.01000,0.01000,2.16,2.16,0.021622,SPIKE,266973,0.6100,0.6800,0.07000,99%,WATCH,,FADE,MEAN_REVERT,LIVE,3,5
2026-02-24T02:42:33Z,1771900953,Sacramento vs. Memphis,aec-nba-sac-mem-2026-02-23,https://polymarket.us/event/aec-nba-sac-mem-2026-02-23,https://polymarket.us/market/aec-nba-sac-mem-2026-02-23,0.63500,0.64500,0.65500,0.01000,0.01000,2.60,2.60,0.026047,SPIKE,266973,0.6200,0.6900,0.07000,99%,WATCH,,FADE,MEAN_REVERT,LIVE,3,5
2026-02-24T02:42:33Z,1771900953,Sacramento vs. Memphis,aec-nba-sac-mem-2026-02-23,https://polymarket.us/event/aec-nba-sac-mem-2026-02-23,https://polymarket.us/market/aec-nba-sac-mem-2026-02-23,0.64500,0.65500,0.64500,-0.01000,0.01000,1.87,1.87,-0.018669,DIP,266973,0.6100,0.6800,0.07000,99%,WATCH,,,MEAN_REVERT,LIVE,3,5
2026-02-24T02:42:33Z,1771900953,Sacramento vs. Memphis,aec-nba-sac-mem-2026-02-23,https://polymarket.us/event/aec-nba-sac-mem-2026-02-23,https://polymarket.us/market/aec-nba-sac-mem-2026-02-23,0.65500,0.64500,0.64000,-0.00500,0.00500,1.51,1.51,-0.007552,DIP,266973,0.6100,0.6700,0.06000,94%,WATCH,,,MEAN_REVERT,LIVE,3,5
2026-02-24T02:42:34Z,1771900954,Sacramento vs. Memphis,aec-nba-sac-mem-2026-02-23,https://polymarket.us/event/aec-nba-sac-mem-2026-02-23,https://polymarket.us/market/aec-nba-sac-mem-2026-02-23,0.64500,0.64000,0.63500,-0.00500,0.00500,1.17,1.17,-0.005872,DIP,266973,0.6100,0.6600,0.05000,94%,INFO,,,MEAN_REVERT,LIVE,3,5
2026-02-24T02:42:34Z,1771900954,Houston vs. Kansas,aec-cbb-hou-kan-2026-02-23,https://polymarket.us/event/aec-cbb-hou-kan-2026-02-23,https://polymarket.us/market/aec-cbb-hou-kan-2026-02-23,0.68500,0.67500,0.67000,-0.00500,0.00500,-2.08,2.08,-0.010418,DIP,189806,0.6600,0.6800,0.02000,94%,WATCH,,FADE,MEAN_REVERT,LIVE,1,6
2026-02-24T02:42:35Z,1771900955,Houston vs. Kansas,aec-cbb-hou-kan-2026-02-23,https://polymarket.us/event/aec-cbb-hou-kan-2026-02-23,https://polymarket.us/market/aec-cbb-hou-kan-2026-02-23,0.67500,0.67000,0.66500,-0.00500,0.00500,-2.32,2.32,-0.011597,DIP,189806,0.6500,0.6800,0.03000,94%,WATCH,,FADE,MEAN_REVERT,LIVE,1,6
2026-02-24T02:42:40Z,1771900960,Houston vs. Kansas,aec-cbb-hou-kan-2026-02-23,https://polymarket.us/event/aec-cbb-hou-kan-2026-02-23,https://polymarket.us/market/aec-cbb-hou-kan-2026-02-23,0.66500,0.66500,0.67000,0.00500,0.00500,-1.68,1.68,0.008400,SPIKE,191001,0.6600,0.6800,0.02000,94%,WATCH,,,MEAN_REVERT,LIVE,1,6
2026-02-24T02:42:43Z,1771900963,Houston vs. Kansas,aec-cbb-hou-kan-2026-02-23,https://polymarket.us/event/aec-cbb-hou-kan-2026-02-23,https://polymarket.us/market/aec-cbb-hou-kan-2026-02-23,0.66500,0.67000,0.66500,-0.00500,0.00500,-1.93,1.93,-0.009663,DIP,191498,0.6500,0.6800,0.03000,94%,WATCH,,,MEAN_REVERT,LIVE,1,6
2026-02-24T02:42:45Z,1771900965,Houston vs. Kansas,aec-cbb-hou-kan-2026-02-23,https://polymarket.us/event/aec-cbb-hou-kan-2026-02-23,https://polymarket.us/market/aec-cbb-hou-kan-2026-02-23,0.66500,0.66500,0.66000,-0.00500,0.00500,-1.95,1.95,-0.009745,DIP,191502,0.6500,0.6700,0.02000,94%,WATCH,,,MEAN_REVERT,LIVE,1,6
2026-02-24T02:42:45Z,1771900965,Houston vs. Kansas,aec-cbb-hou-kan-2026-02-23,https://polymarket.us/event/aec-cbb-hou-kan-2026-02-23,https://polymarket.us/market/aec-cbb-hou-kan-2026-02-23,0.66500,0.66000,0.65500,-0.00500,0.00500,-2.14,2.14,-0.010721,DIP,191502,0.6400,0.6700,0.03000,94%,WATCH,,FADE,MEAN_REVERT,LIVE,1,6
2026-02-24T02:42:51Z,1771900971,Lafayette vs. Colgate,aec-cbb-lafay-colg-2026-02-25,https://polymarket.us/event/aec-cbb-lafay-colg-2026-02-25,https://polymarket.us/market/aec-cbb-lafay-colg-2026-02-25,0.19500,0.20000,0.20500,0.00500,0.00500,2.32,2.32,0.011619,SPIKE,0,0.1500,0.2600,0.11000,94%,WATCH,,FADE,MEAN_REVERT,PRE_GAME,,
2026-02-24T02:42:51Z,1771900971,Lafayette vs. Colgate,aec-cbb-lafay-colg-2026-02-25,https://polymarket.us/event/aec-cbb-lafay-colg-2026-02-25,https://polymarket.us/market/aec-cbb-lafay-colg-2026-02-25,0.20000,0.20500,0.21000,0.00500,0.00500,3.00,3.00,0.015000,SPIKE,0,0.1600,0.2600,0.10000,94%,ALERT,,FADE,MEAN_REVERT,PRE_GAME,,
2026-02-24T02:42:52Z,1771900972,Lafayette vs. Colgate,aec-cbb-lafay-colg-2026-02-25,https://polymarket.us/event/aec-cbb-lafay-colg-2026-02-25,https://polymarket.us/market/aec-cbb-lafay-colg-2026-02-25,0.20500,0.21000,0.21500,0.00500,0.00500,3.20,3.20,0.016006,SPIKE,0,0.1700,0.2600,0.09000,94%,ALERT,,FADE,MEAN_REVERT,PRE_GAME,,
2026-02-24T02:42:52Z,1771900972,Lafayette vs. Colgate,aec-cbb-lafay-colg-2026-02-25,https://polymarket.us/event/aec-cbb-lafay-colg-2026-02-25,https://polymarket.us/market/aec-cbb-lafay-colg-2026-02-25,0.21000,0.21500,0.22000,0.00500,0.00500,3.20,3.20,0.015982,SPIKE,0,0.1800,0.2600,0.08000,77%,ALERT,,FADE,MEAN_REVERT,PRE_GAME,,
2026-02-24T02:42:52Z,1771900972,Sacramento vs. Memphis,aec-nba-sac-mem-2026-02-23,https://polymarket.us/event/aec-nba-sac-mem-2026-02-23,https://polymarket.us/market/aec-nba-sac-mem-2026-02-23,0.61500,0.61000,0.60500,-0.00500,0.00500,-1.06,1.06,-0.005300,DIP,269853,0.6000,0.6100,0.01000,94%,INFO,,,MEAN_REVERT,LIVE,3,5
2026-02-24T02:42:53Z,1771900973,Sacramento vs. Memphis,aec-nba-sac-mem-2026-02-23,https://polymarket.us/event/aec-nba-sac-mem-2026-02-23,https://polymarket.us/market/aec-nba-sac-mem-2026-02-23,0.61000,0.60500,0.60000,-0.00500,0.00500,-1.49,1.49,-0.007429,DIP,269853,0.5900,0.6100,0.02000,94%,INFO,,,MEAN_REVERT,LIVE,3,5
2026-02-24T02:42:53Z,1771900973,Sacramento vs. Memphis,aec-nba-sac-mem-2026-02-23,https://polymarket.us/event/aec-nba-sac-mem-2026-02-23,https://polymarket.us/market/aec-nba-sac-mem-2026-02-23,0.60000,0.61000,0.59500,-0.01500,0.01500,-1.95,1.95,-0.029231,DIP,269853,0.5900,0.6000,0.01000,100%,WATCH,,,MEAN_REVERT,LIVE,3,5
2026-02-24T02:42:56Z,1771900976,Lafayette vs. Colgate,aec-cbb-lafay-colg-2026-02-25,https://polymarket.us/event/aec-cbb-lafay-colg-2026-02-25,https://polymarket.us/market/aec-cbb-lafay-colg-2026-02-25,0.21500,0.22000,0.21500,-0.00500,0.00500,2.16,2.16,-0.010801,DIP,0,0.1700,0.2600,0.09000,77%,WATCH,,FADE,MEAN_REVERT,PRE_GAME,,
2026-02-24T02:42:57Z,1771900977,Lafayette vs. Colgate,aec-cbb-lafay-colg-2026-02-25,https://polymarket.us/event/aec-cbb-lafay-colg-2026-02-25,https://polymarket.us/market/aec-cbb-lafay-colg-2026-02-25,0.21500,0.20500,0.21000,0.00500,0.00500,1.36,1.36,0.006791,SPIKE,0,0.1600,0.2600,0.10000,94%,INFO,,,MEAN_REVERT,PRE_GAME,,
2026-02-24T02:42:57Z,1771900977,Lafayette vs. Colgate,aec-cbb-lafay-colg-2026-02-25,https://polymarket.us/event/aec-cbb-lafay-colg-2026-02-25,https://polymarket.us/market/aec-cbb-lafay-colg-2026-02-25,0.21000,0.20500,0.21500,0.01000,0.01000,1.92,1.92,0.019154,SPIKE,0,0.1700,0.2600,0.09000,99%,WATCH,,,MEAN_REVERT,PRE_GAME,,
2026-02-24T02:42:58Z,1771900978,Lafayette vs. Colgate,aec-cbb-lafay-colg-2026-02-25,https://polymarket.us/event/aec-cbb-lafay-colg-2026-02-25,https://polymarket.us/market/aec-cbb-lafay-colg-2026-02-25,0.21500,0.20500,0.21000,0.00500,0.00500,1.18,1.18,0.005900,SPIKE,0,0.1600,0.2600,0.10000,94%,INFO,,,MEAN_REVERT,PRE_GAME,,
2026-02-24T02:42:58Z,1771900978,Houston vs. Kansas,aec-cbb-hou-kan-2026-02-23,https://polymarket.us/event/aec-cbb-hou-kan-2026-02-23,https://polymarket.us/market/aec-cbb-hou-kan-2026-02-23,0.66000,0.65500,0.66000,0.00500,0.00500,-1.73,1.73,0.008647,SPIKE,191502,0.6500,0.6700,0.02000,94%,WATCH,,,MEAN_REVERT,LIVE,1,6
2026-02-24T02:42:58Z,1771900978,Lafayette vs. Colgate,aec-cbb-lafay-colg-2026-02-25,https://polymarket.us/event/aec-cbb-lafay-colg-2026-02-25,https://polymarket.us/market/aec-cbb-lafay-colg-2026-02-25,0.21000,0.20500,0.21500,0.01000,0.01000,1.77,1.77,0.017676,SPIKE,0,0.1700,0.2600,0.09000,99%,WATCH,,,MEAN_REVERT,PRE_GAME,,
2026-02-24T02:42:59Z,1771900979,Lafayette vs. Colgate,aec-cbb-lafay-colg-2026-02-25,https://polymarket.us/event/aec-cbb-lafay-colg-2026-02-25,https://polymarket.us/market/aec-cbb-lafay-colg-2026-02-25,0.21000,0.20500,0.21500,0.01000,0.01000,1.66,1.66,0.016564,SPIKE,0,0.1700,0.2600,0.09000,99%,WATCH,,,MEAN_REVERT,PRE_GAME,,
2026-02-24T02:43:00Z,1771900980,Houston vs. Kansas,aec-cbb-hou-kan-2026-02-23,https://polymarket.us/event/aec-cbb-hou-kan-2026-02-23,https://polymarket.us/market/aec-cbb-hou-kan-2026-02-23,0.65500,0.66000,0.66500,0.00500,0.00500,-1.35,1.35,0.006757,SPIKE,191502,0.6500,0.6800,0.03000,94%,INFO,,,MEAN_REVERT,LIVE,1,6
2026-02-24T02:43:00Z,1771900980,Houston vs. Kansas,aec-cbb-hou-kan-2026-02-23,https://polymarket.us/event/aec-cbb-hou-kan-2026-02-23,https://polymarket.us/market/aec-cbb-hou-kan-2026-02-23,0.66000,0.66500,0.67000,0.00500,0.00500,-1.00,1.00,0.004990,SPIKE,191502,0.6500,0.6900,0.04000,76%,INFO,,,MEAN_REVERT,LIVE,1,6
2026-02-24T02:43:01Z,1771900981,Lafayette vs. Colgate,aec-cbb-lafay-colg-2026-02-25,https://polymarket.us/event/aec-cbb-lafay-colg-2026-02-25,https://polymarket.us/market/aec-cbb-lafay-colg-2026-02-25,0.21000,0.20500,0.21000,0.00500,0.00500,0.94,0.94,0.004703,SPIKE,0,0.1600,0.2600,0.10000,94%,INFO,,,MEAN_REVERT,PRE_GAME,,
2026-02-24T02:43:01Z,1771900981,Lafayette vs. Colgate,aec-cbb-lafay-colg-2026-02-25,https://polymarket.us/event/aec-cbb-lafay-colg-2026-02-25,https://polymarket.us/market/aec-cbb-lafay-colg-2026-02-25,0.20500,0.21000,0.21500,0.00500,0.00500,1.58,1.58,0.007883,SPIKE,0,0.1700,0.2600,0.09000,94%,WATCH,,,MEAN_REVERT,PRE_GAME,,
2026-02-24T02:43:02Z,1771900982,Houston vs. Kansas,aec-cbb-hou-kan-2026-02-23,https://polymarket.us/event/aec-cbb-hou-kan-2026-02-23,https://polymarket.us/market/aec-cbb-hou-kan-2026-02-23,0.68000,0.67500,0.67000,-0.00500,0.00500,-0.89,0.89,-0.004464,DIP,191502,0.6600,0.6800,0.02000,94%,INFO,,,MEAN_REVERT,LIVE,1,6
2026-02-24T02:43:06Z,1771900986,Lafayette vs. Colgate,aec-cbb-lafay-colg-2026-02-25,https://polymarket.us/event/aec-cbb-lafay-colg-2026-02-25,https://polymarket.us/market/aec-cbb-lafay-colg-2026-02-25,0.21000,0.21500,0.19000,-0.02500,0.02500,-1.77,1.77,-0.044307,DIP,0,0.1200,0.2600,0.14000,100%,WATCH,,,MEAN_REVERT,PRE_GAME,,
2026-02-24T02:43:12Z,1771900992,Lafayette vs. Colgate,aec-cbb-lafay-colg-2026-02-25,https://polymarket.us/event/aec-cbb-lafay-colg-2026-02-25,https://polymarket.us/market/aec-cbb-lafay-colg-2026-02-25,0.20500,0.21000,0.21500,0.00500,0.00500,1.50,1.50,0.007513,SPIKE,0,0.1700,0.2600,0.09000,94%,WATCH,,,MEAN_REVERT,PRE_GAME,,
2026-02-24T02:43:13Z,1771900993,Lafayette vs. Colgate,aec-cbb-lafay-colg-2026-02-25,https://polymarket.us/event/aec-cbb-lafay-colg-2026-02-25,https://polymarket.us/market/aec-cbb-lafay-colg-2026-02-25,0.21000,0.20500,0.21500,0.01000,0.01000,1.40,1.40,0.013964,SPIKE,0,0.1700,0.2600,0.09000,99%,INFO,,,MEAN_REVERT,PRE_GAME,,
2026-02-24T02:43:15Z,1771900995,Lafayette vs. Colgate,aec-cbb-lafay-colg-2026-02-25,https://polymarket.us/event/aec-cbb-lafay-colg-2026-02-25,https://polymarket.us/market/aec-cbb-lafay-colg-2026-02-25,0.20500,0.21000,0.21500,0.00500,0.00500,1.28,1.28,0.006419,SPIKE,0,0.1700,0.2600,0.09000,94%,INFO,,,MEAN_REVERT,PRE_GAME,,
2026-02-24T02:43:16Z,1771900996,Houston vs. Kansas,aec-cbb-hou-kan-2026-02-23,https://polymarket.us/event/aec-cbb-hou-kan-2026-02-23,https://polymarket.us/market/aec-cbb-hou-kan-2026-02-23,0.67500,0.67500,0.68500,0.01000,0.01000,0.82,0.82,0.008187,SPIKE,191849,0.6800,0.6900,0.01000,99%,INFO,,,MEAN_REVERT,LIVE,1,6
2026-02-24T02:43:16Z,1771900996,Houston vs. Kansas,aec-cbb-hou-kan-2026-02-23,https://polymarket.us/event/aec-cbb-hou-kan-2026-02-23,https://polymarket.us/market/aec-cbb-hou-kan-2026-02-23,0.67500,0.68500,0.69000,0.00500,0.00500,1.36,1.36,0.006780,SPIKE,191849,0.6800,0.7000,0.02000,76%,INFO,,,MEAN_REVERT,LIVE,1,6
2026-02-24T02:43:18Z,1771900998,Lafayette vs. Colgate,aec-cbb-lafay-colg-2026-02-25,https://polymarket.us/event/aec-cbb-lafay-colg-2026-02-25,https://polymarket.us/market/aec-cbb-lafay-colg-2026-02-25,0.20500,0.21000,0.21500,0.00500,0.00500,1.21,1.21,0.006030,SPIKE,0,0.1700,0.2600,0.09000,94%,INFO,,,MEAN_REVERT,PRE_GAME,,
2026-02-24T02:43:20Z,1771901000,Houston vs. Kansas,aec-cbb-hou-kan-2026-02-23,https://polymarket.us/event/aec-cbb-hou-kan-2026-02-23,https://polymarket.us/market/aec-cbb-hou-kan-2026-02-23,0.68000,0.67500,0.66500,-0.01000,0.01000,-1.21,1.21,-0.012104,DIP,191879,0.6600,0.6700,0.01000,99%,INFO,,,MEAN_REVERT,LIVE,1,6
2026-02-24T02:43:20Z,1771901000,Houston vs. Kansas,aec-cbb-hou-kan-2026-02-23,https://polymarket.us/event/aec-cbb-hou-kan-2026-02-23,https://polymarket.us/market/aec-cbb-hou-kan-2026-02-23,0.66500,0.66500,0.65500,-0.01000,0.01000,-2.15,2.15,-0.021535,DIP,192030,0.6500,0.6600,0.01000,99%,WATCH,,FADE,MEAN_REVERT,LIVE,1,6
2026-02-24T02:43:20Z,1771901000,Lafayette vs. Colgate,aec-cbb-lafay-colg-2026-02-25,https://polymarket.us/event/aec-cbb-lafay-colg-2026-02-25,https://polymarket.us/market/aec-cbb-lafay-colg-2026-02-25,0.20500,0.21000,0.21500,0.00500,0.00500,1.16,1.16,0.005794,SPIKE,0,0.1700,0.2600,0.09000,94%,INFO,,,MEAN_REVERT,PRE_GAME,,
2026-02-24T02:43:21Z,1771901001,Lafayette vs. Colgate,aec-cbb-lafay-colg-2026-02-25,https://polymarket.us/event/aec-cbb-lafay-colg-2026-02-25,https://polymarket.us/market/aec-cbb-lafay-colg-2026-02-25,0.21500,0.21000,0.19000,-0.02000,0.02000,-2.98,2.98,-0.059680,DIP,0,0.1200,0.2600,0.14000,100%,WATCH,,FADE,MEAN_REVERT,PRE_GAME,,
2026-02-24T02:43:21Z,1771901001,Houston vs. Kansas,aec-cbb-hou-kan-2026-02-23,https://polymarket.us/event/aec-cbb-hou-kan-2026-02-23,https://polymarket.us/market/aec-cbb-hou-kan-2026-02-23,0.65500,0.65500,0.65000,-0.00500,0.00500,-2.35,2.35,-0.011739,DIP,192030,0.6400,0.6600,0.02000,94%,WATCH,,FADE,MEAN_REVERT,LIVE,1,6
2026-02-24T02:43:21Z,1771901001,Utah vs. Houston,aec-nba-uta-hou-2026-02-23,https://polymarket.us/event/aec-nba-uta-hou-2026-02-23,https://polymarket.us/market/aec-nba-uta-hou-2026-02-23,0.12500,0.13000,0.13500,0.00500,0.00500,2.11,2.11,0.010553,SPIKE,107533,0.1200,0.1500,0.03000,94%,WATCH,,FADE,MEAN_REVERT,LIVE,1,0
2026-02-24T02:43:21Z,1771901001,Utah vs. Houston,aec-nba-uta-hou-2026-02-23,https://polymarket.us/event/aec-nba-uta-hou-2026-02-23,https://polymarket.us/market/aec-nba-uta-hou-2026-02-23,0.13000,0.13500,0.12500,-0.01000,0.01000,-0.87,0.87,-0.008660,DIP,107533,0.1200,0.1300,0.01000,99%,INFO,,,MEAN_REVERT,LIVE,1,0
2026-02-24T02:43:23Z,1771901003,Houston vs. Kansas,aec-cbb-hou-kan-2026-02-23,https://polymarket.us/event/aec-cbb-hou-kan-2026-02-23,https://polymarket.us/market/aec-cbb-hou-kan-2026-02-23,0.65500,0.65000,0.64500,-0.00500,0.00500,-2.59,2.59,-0.012943,DIP,192030,0.6400,0.6500,0.01000,93%,WATCH,,FADE,MEAN_REVERT,LIVE,1,6
2026-02-24T02:43:23Z,1771901003,Utah vs. Houston,aec-nba-uta-hou-2026-02-23,https://polymarket.us/event/aec-nba-uta-hou-2026-02-23,https://polymarket.us/market/aec-nba-uta-hou-2026-02-23,0.13500,0.12500,0.13500,0.01000,0.01000,1.92,1.92,0.019206,SPIKE,107533,0.1200,0.1500,0.03000,99%,WATCH,,,MEAN_REVERT,LIVE,1,0
2026-02-24T02:43:23Z,1771901003,Houston vs. Kansas,aec-cbb-hou-kan-2026-02-23,https://polymarket.us/event/aec-cbb-hou-kan-2026-02-23,https://polymarket.us/market/aec-cbb-hou-kan-2026-02-23,0.64500,0.64500,0.65000,0.00500,0.00500,-1.71,1.71,0.008566,SPIKE,193668,0.6400,0.6600,0.02000,93%,WATCH,,,MEAN_REVERT,LIVE,1,6
2026-02-24T02:43:26Z,1771901006,Houston vs. Kansas,aec-cbb-hou-kan-2026-02-23,https://polymarket.us/event/aec-cbb-hou-kan-2026-02-23,https://polymarket.us/market/aec-cbb-hou-kan-2026-02-23,0.64500,0.65000,0.64000,-0.01000,0.01000,-2.32,2.32,-0.023206,DIP,194990,0.6200,0.6600,0.04000,99%,WATCH,,FADE,MEAN_REVERT,LIVE,1,6
2026-02-24T02:43:26Z,1771901006,Houston vs. Kansas,aec-cbb-hou-kan-2026-02-23,https://polymarket.us/event/aec-cbb-hou-kan-2026-02-23,https://polymarket.us/market/aec-cbb-hou-kan-2026-02-23,0.65000,0.64000,0.65000,0.01000,0.01000,-1.49,1.49,0.014920,SPIKE,194990,0.6400,0.6600,0.02000,99%,INFO,,,MEAN_REVERT,LIVE,1,6
2026-02-24T02:43:32Z,1771901012,Lafayette vs. Colgate,aec-cbb-lafay-colg-2026-02-25,https://polymarket.us/event/aec-cbb-lafay-colg-2026-02-25,https://polymarket.us/market/aec-cbb-lafay-colg-2026-02-25,0.21000,0.20500,0.21500,0.01000,0.01000,1.23,1.23,0.012319,SPIKE,0,0.1700,0.2600,0.09000,99%,INFO,,,MEAN_REVERT,PRE_GAME,,
2026-02-24T02:43:33Z,1771901013,Lafayette vs. Colgate,aec-cbb-lafay-colg-2026-02-25,https://polymarket.us/event/aec-cbb-lafay-colg-2026-02-25,https://polymarket.us/market/aec-cbb-lafay-colg-2026-02-25,0.20500,0.21000,0.21500,0.00500,0.00500,1.22,1.22,0.006080,SPIKE,0,0.1700,0.2600,0.09000,93%,INFO,,,MEAN_REVERT,PRE_GAME,,
2026-02-24T02:43:33Z,1771901013,Lafayette vs. Colgate,aec-cbb-lafay-colg-2026-02-25,https://polymarket.us/event/aec-cbb-lafay-colg-2026-02-25,https://polymarket.us/market/aec-cbb-lafay-colg-2026-02-25,0.21000,0.21500,0.22000,0.00500,0.00500,1.96,1.96,0.009796,SPIKE,0,0.1800,0.2600,0.08000,75%,WATCH,,,MEAN_REVERT,PRE_GAME,,
2026-02-24T02:43:33Z,1771901013,Lafayette vs. Colgate,aec-cbb-lafay-colg-2026-02-25,https://polymarket.us/event/aec-cbb-lafay-colg-2026-02-25,https://polymarket.us/market/aec-cbb-lafay-colg-2026-02-25,0.21500,0.22000,0.21500,-0.00500,0.00500,1.09,1.09,-0.005463,DIP,0,0.1700,0.2600,0.09000,75%,INFO,,,MEAN_REVERT,PRE_GAME,,
2026-02-24T02:43:33Z,1771901013,Lafayette vs. Colgate,aec-cbb-lafay-colg-2026-02-25,https://polymarket.us/event/aec-cbb-lafay-colg-2026-02-25,https://polymarket.us/market/aec-cbb-lafay-colg-2026-02-25,0.22000,0.21500,0.22000,0.00500,0.00500,1.85,1.85,0.009235,SPIKE,0,0.1800,0.2600,0.08000,75%,WATCH,,,MEAN_REVERT,PRE_GAME,,
2026-02-24T02:43:34Z,1771901014,Lafayette vs. Colgate,aec-cbb-lafay-colg-2026-02-25,https://polymarket.us/event/aec-cbb-lafay-colg-2026-02-25,https://polymarket.us/market/aec-cbb-lafay-colg-2026-02-25,0.22000,0.21000,0.22000,0.01000,0.01000,1.75,1.75,0.017476,SPIKE,0,0.1800,0.2600,0.08000,95%,WATCH,,,MEAN_REVERT,PRE_GAME,,
2026-02-24T02:43:34Z,1771901014,Lafayette vs. Colgate,aec-cbb-lafay-colg-2026-02-25,https://polymarket.us/event/aec-cbb-lafay-colg-2026-02-25,https://polymarket.us/market/aec-cbb-lafay-colg-2026-02-25,0.21000,0.22000,0.21500,-0.00500,0.00500,0.94,0.94,-0.004690,DIP,0,0.1700,0.2600,0.09000,75%,INFO,,,MEAN_REVERT,PRE_GAME,,
2026-02-24T02:43:35Z,1771901015,Utah vs. Houston,aec-nba-uta-hou-2026-02-23,https://polymarket.us/event/aec-nba-uta-hou-2026-02-23,https://polymarket.us/market/aec-nba-uta-hou-2026-02-23,0.13000,0.13000,0.13500,0.00500,0.00500,1.79,1.79,0.008935,SPIKE,113349,0.1200,0.1500,0.03000,93%,WATCH,,,MEAN_REVERT,LIVE,1,0
2026-02-24T02:43:36Z,1771901016,Lafayette vs. Colgate,aec-cbb-lafay-colg-2026-02-25,https://polymarket.us/event/aec-cbb-lafay-colg-2026-02-25,https://polymarket.us/market/aec-cbb-lafay-colg-2026-02-25,0.21000,0.20500,0.21500,0.01000,0.01000,0.94,0.94,0.009380,SPIKE,0,0.1700,0.2600,0.09000,99%,INFO,,,MEAN_REVERT,PRE_GAME,,
2026-02-24T02:43:37Z,1771901017,Lafayette vs. Colgate,aec-cbb-lafay-colg-2026-02-25,https://polymarket.us/event/aec-cbb-lafay-colg-2026-02-25,https://polymarket.us/market/aec-cbb-lafay-colg-2026-02-25,0.20500,0.21000,0.21500,0.00500,0.00500,1.02,1.02,0.005117,SPIKE,0,0.1700,0.2600,0.09000,93%,INFO,,,MEAN_REVERT,PRE_GAME,,
2026-02-24T02:43:37Z,1771901017,Lafayette vs. Colgate,aec-cbb-lafay-colg-2026-02-25,https://polymarket.us/event/aec-cbb-lafay-colg-2026-02-25,https://polymarket.us/market/aec-cbb-lafay-colg-2026-02-25,0.21000,0.21500,0.20500,-0.01000,0.01000,-0.87,0.87,-0.008718,DIP,0,0.1500,0.2600,0.11000,99%,INFO,,,MEAN_REVERT,PRE_GAME,,
2026-02-24T02:43:38Z,1771901018,Lafayette vs. Colgate,aec-cbb-lafay-colg-2026-02-25,https://polymarket.us/event/aec-cbb-lafay-colg-2026-02-25,https://polymarket.us/market/aec-cbb-lafay-colg-2026-02-25,0.20500,0.21000,0.21500,0.00500,0.00500,1.02,1.02,0.005117,SPIKE,0,0.1700,0.2600,0.09000,93%,INFO,,,MEAN_REVERT,PRE_GAME,,
2026-02-24T02:43:39Z,1771901019,Lafayette vs. Colgate,aec-cbb-lafay-colg-2026-02-25,https://polymarket.us/event/aec-cbb-lafay-colg-2026-02-25,https://polymarket.us/market/aec-cbb-lafay-colg-2026-02-25,0.21500,0.21000,0.20500,-0.00500,0.00500,-0.87,0.87,-0.004359,DIP,0,0.1500,0.2600,0.11000,93%,INFO,,,MEAN_REVERT,PRE_GAME,,
2026-02-24T02:43:40Z,1771901020,Lafayette vs. Colgate,aec-cbb-lafay-colg-2026-02-25,https://polymarket.us/event/aec-cbb-lafay-colg-2026-02-25,https://polymarket.us/market/aec-cbb-lafay-colg-2026-02-25,0.20500,0.21000,0.21500,0.00500,0.00500,1.01,1.01,0.005062,SPIKE,0,0.1700,0.2600,0.09000,93%,INFO,,,MEAN_REVERT,PRE_GAME,,
2026-02-24T02:43:40Z,1771901020,Lafayette vs. Colgate,aec-cbb-lafay-colg-2026-02-25,https://polymarket.us/event/aec-cbb-lafay-colg-2026-02-25,https://polymarket.us/market/aec-cbb-lafay-colg-2026-02-25,0.21500,0.21000,0.20500,-0.00500,0.00500,-0.90,0.90,-0.004489,DIP,0,0.1500,0.2600,0.11000,93%,INFO,,,MEAN_REVERT,PRE_GAME,,
2026-02-24T02:43:41Z,1771901021,Lafayette vs. Colgate,aec-cbb-lafay-colg-2026-02-25,https://polymarket.us/event/aec-cbb-lafay-colg-2026-02-25,https://polymarket.us/market/aec-cbb-lafay-colg-2026-02-25,0.20500,0.21000,0.21500,0.00500,0.00500,0.97,0.97,0.004864,SPIKE,0,0.1700,0.2600,0.09000,93%,INFO,,,MEAN_REVERT,PRE_GAME,,
2026-02-24T02:43:44Z,1771901024,Houston vs. Kansas,aec-cbb-hou-kan-2026-02-23,https://polymarket.us/event/aec-cbb-hou-kan-2026-02-23,https://polymarket.us/market/aec-cbb-hou-kan-2026-02-23,0.65000,0.65000,0.64500,-0.00500,0.00500,-1.54,1.54,-0.007705,DIP,195447,0.6300,0.6600,0.03000,93%,WATCH,,,MEAN_REVERT,LIVE,1,6
2026-02-24T02:43:45Z,1771901025,Houston vs. Kansas,aec-cbb-hou-kan-2026-02-23,https://polymarket.us/event/aec-cbb-hou-kan-2026-02-23,https://polymarket.us/market/aec-cbb-hou-kan-2026-02-23,0.64500,0.65500,0.64500,-0.01000,0.01000,-1.45,1.45,-0.014487,DIP,195477,0.6400,0.6500,0.01000,99%,INFO,,,MEAN_REVERT,LIVE,1,6
2026-02-24T02:43:45Z,1771901025,Houston vs. Kansas,aec-cbb-hou-kan-2026-02-23,https://polymarket.us/event/aec-cbb-hou-kan-2026-02-23,https://polymarket.us/market/aec-cbb-hou-kan-2026-02-23,0.64500,0.64500,0.64000,-0.00500,0.00500,-1.67,1.67,-0.008365,DIP,195585,0.6300,0.6500,0.02000,93%,WATCH,,,MEAN_REVERT,LIVE,1,6
2026-02-24T02:43:45Z,1771901025,Houston vs. Kansas,aec-cbb-hou-kan-2026-02-23,https://polymarket.us/event/aec-cbb-hou-kan-2026-02-23,https://polymarket.us/market/aec-cbb-hou-kan-2026-02-23,0.64000,0.64000,0.63000,-0.01000,0.01000,-2.15,2.15,-0.021451,DIP,195585,0.6100,0.6500,0.04000,99%,WATCH,,FADE,MEAN_REVERT,LIVE,1,6
2026-02-24T02:43:46Z,1771901026,Utah vs. Houston,aec-nba-uta-hou-2026-02-23,https://polymarket.us/event/aec-nba-uta-hou-2026-02-23,https://polymarket.us/market/aec-nba-uta-hou-2026-02-23,0.13500,0.13000,0.12500,-0.00500,0.00500,-1.02,1.02,-0.005103,DIP,113349,0.1200,0.1300,0.01000,93%,INFO,,,MEAN_REVERT,LIVE,1,0
2026-02-24T02:43:46Z,1771901026,Utah vs. Houston,aec-nba-uta-hou-2026-02-23,https://polymarket.us/event/aec-nba-uta-hou-2026-02-23,https://polymarket.us/market/aec-nba-uta-hou-2026-02-23,0.13000,0.12500,0.12000,-0.00500,0.00500,-2.19,2.19,-0.010954,DIP,113379,0.1100,0.1300,0.02000,93%,WATCH,,FADE,MEAN_REVERT,LIVE,1,0
2026-02-24T02:43:48Z,1771901028,Houston vs. Kansas,aec-cbb-hou-kan-2026-02-23,https://polymarket.us/event/aec-cbb-hou-kan-2026-02-23,https://polymarket.us/market/aec-cbb-hou-kan-2026-02-23,0.64000,0.63000,0.62500,-0.00500,0.00500,-2.30,2.30,-0.011476,DIP,195585,0.6000,0.6500,0.05000,93%,WATCH,,FADE,MEAN_REVERT,LIVE,1,6
2026-02-24T02:43:48Z,1771901028,Houston vs. Kansas,aec-cbb-hou-kan-2026-02-23,https://polymarket.us/event/aec-cbb-hou-kan-2026-02-23,https://polymarket.us/market/aec-cbb-hou-kan-2026-02-23,0.63000,0.62500,0.63000,0.00500,0.00500,-1.87,1.87,0.009340,SPIKE,195585,0.6100,0.6500,0.04000,93%,WATCH,,,MEAN_REVERT,LIVE,1,6
2026-02-24T02:43:49Z,1771901029,Houston vs. Kansas,aec-cbb-hou-kan-2026-02-23,https://polymarket.us/event/aec-cbb-hou-kan-2026-02-23,https://polymarket.us/market/aec-cbb-hou-kan-2026-02-23,0.62500,0.63000,0.62500,-0.00500,0.00500,-2.05,2.05,-0.010236,DIP,195585,0.6000,0.6500,0.05000,93%,WATCH,,FADE,MEAN_REVERT,LIVE,1,6
2026-02-24T02:43:49Z,1771901029,Houston vs. Kansas,aec-cbb-hou-kan-2026-02-23,https://polymarket.us/event/aec-cbb-hou-kan-2026-02-23,https://polymarket.us/market/aec-cbb-hou-kan-2026-02-23,0.63000,0.62500,0.62000,-0.00500,0.00500,-2.18,2.18,-0.010901,DIP,195585,0.6000,0.6400,0.04000,93%,WATCH,,FADE,MEAN_REVERT,LIVE,1,6
2026-02-24T02:43:51Z,1771901031,Houston vs. Kansas,aec-cbb-hou-kan-2026-02-23,https://polymarket.us/event/aec-cbb-hou-kan-2026-02-23,https://polymarket.us/market/aec-cbb-hou-kan-2026-02-23,0.62500,0.62000,0.61500,-0.00500,0.00500,-2.28,2.28,-0.011379,DIP,195585,0.6000,0.6300,0.03000,93%,WATCH,,FADE,MEAN_REVERT,LIVE,1,6
2026-02-24T02:43:52Z,1771901032,Sacramento vs. Memphis,aec-nba-sac-mem-2026-02-23,https://polymarket.us/event/aec-nba-sac-mem-2026-02-23,https://polymarket.us/market/aec-nba-sac-mem-2026-02-23,0.61500,0.61500,0.59500,-0.02000,0.02000,-3.49,3.49,-0.069809,DIP,277399,0.5700,0.6200,0.05000,100%,ALERT,,FADE,MEAN_REVERT,LIVE,3,4
2026-02-24T02:43:52Z,1771901032,Sacramento vs. Memphis,aec-nba-sac-mem-2026-02-23,https://polymarket.us/event/aec-nba-sac-mem-2026-02-23,https://polymarket.us/market/aec-nba-sac-mem-2026-02-23,0.59500,0.61500,0.59500,-0.02000,0.02000,-3.09,3.09,-0.061822,DIP,278219,0.5700,0.6200,0.05000,100%,ALERT,,FADE,MEAN_REVERT,LIVE,3,4
2026-02-24T02:43:52Z,1771901032,Sacramento vs. Memphis,aec-nba-sac-mem-2026-02-23,https://polymarket.us/event/aec-nba-sac-mem-2026-02-23,https://polymarket.us/market/aec-nba-sac-mem-2026-02-23,0.59500,0.59500,0.58000,-0.01500,0.01500,-4.17,4.17,-0.062491,DIP,278239,0.5700,0.5900,0.02000,99%,ALERT,,FADE,MEAN_REVERT,LIVE,3,4
2026-02-24T02:43:52Z,1771901032,Houston vs. Kansas,aec-cbb-hou-kan-2026-02-23,https://polymarket.us/event/aec-cbb-hou-kan-2026-02-23,https://polymarket.us/market/aec-cbb-hou-kan-2026-02-23,0.62000,0.61500,0.62500,0.01000,0.01000,-1.66,1.66,0.016574,SPIKE,195743,0.6200,0.6300,0.01000,99%,WATCH,,,MEAN_REVERT,LIVE,1,6
2026-02-24T02:43:52Z,1771901032,Houston vs. Kansas,aec-cbb-hou-kan-2026-02-23,https://polymarket.us/event/aec-cbb-hou-kan-2026-02-23,https://polymarket.us/market/aec-cbb-hou-kan-2026-02-23,0.61500,0.62500,0.63000,0.00500,0.00500,-1.34,1.34,0.006698,SPIKE,195743,0.6200,0.6400,0.02000,93%,INFO,,,MEAN_REVERT,LIVE,1,6
2026-02-24T02:43:55Z,1771901035,Lafayette vs. Colgate,aec-cbb-lafay-colg-2026-02-25,https://polymarket.us/event/aec-cbb-lafay-colg-2026-02-25,https://polymarket.us/market/aec-cbb-lafay-colg-2026-02-25,0.21500,0.21000,0.19000,-0.02000,0.02000,-3.33,3.33,-0.066640,DIP,0,0.1200,0.2600,0.14000,100%,ALERT,,FADE,MEAN_REVERT,PRE_GAME,,
2026-02-24T02:43:55Z,1771901035,Sacramento vs. Memphis,aec-nba-sac-mem-2026-02-23,https://polymarket.us/event/aec-nba-sac-mem-2026-02-23,https://polymarket.us/market/aec-nba-sac-mem-2026-02-23,0.59500,0.58000,0.57500,-0.00500,0.00500,-4.00,4.00,-0.020002,DIP,278239,0.5600,0.5900,0.03000,93%,ALERT,,FADE,MEAN_REVERT,LIVE,3,4
2026-02-24T02:43:55Z,1771901035,Lafayette vs. Colgate,aec-cbb-lafay-colg-2026-02-25,https://polymarket.us/event/aec-cbb-lafay-colg-2026-02-25,https://polymarket.us/market/aec-cbb-lafay-colg-2026-02-25,0.21000,0.19000,0.19500,0.00500,0.00500,-2.29,2.29,0.011464,SPIKE,0,0.1300,0.2600,0.13000,93%,WATCH,,FADE,MEAN_REVERT,PRE_GAME,,
2026-02-24T02:43:55Z,1771901035,Lafayette vs. Colgate,aec-cbb-lafay-colg-2026-02-25,https://polymarket.us/event/aec-cbb-lafay-colg-2026-02-25,https://polymarket.us/market/aec-cbb-lafay-colg-2026-02-25,0.19000,0.19500,0.20000,0.00500,0.00500,-1.44,1.44,0.007222,SPIKE,0,0.1400,0.2600,0.12000,93%,INFO,,,MEAN_REVERT,PRE_GAME,,
2026-02-24T02:43:56Z,1771901036,Sacramento vs. Memphis,aec-nba-sac-mem-2026-02-23,https://polymarket.us/event/aec-nba-sac-mem-2026-02-23,https://polymarket.us/market/aec-nba-sac-mem-2026-02-23,0.58000,0.57500,0.57000,-0.00500,0.00500,-3.76,3.76,-0.018813,DIP,278239,0.5600,0.5800,0.02000,74%,ALERT,,FADE,MEAN_REVERT,LIVE,3,4
2026-02-24T02:43:56Z,1771901036,Lafayette vs. Colgate,aec-cbb-lafay-colg-2026-02-25,https://polymarket.us/event/aec-cbb-lafay-colg-2026-02-25,https://polymarket.us/market/aec-cbb-lafay-colg-2026-02-25,0.19500,0.20000,0.19000,-0.01000,0.01000,-2.73,2.73,-0.027332,DIP,0,0.1200,0.2600,0.14000,99%,WATCH,,FADE,MEAN_REVERT,PRE_GAME,,
2026-02-24T02:43:56Z,1771901036,Lafayette vs. Colgate,aec-cbb-lafay-colg-2026-02-25,https://polymarket.us/event/aec-cbb-lafay-colg-2026-02-25,https://polymarket.us/market/aec-cbb-lafay-colg-2026-02-25,0.20000,0.19000,0.19500,0.00500,0.00500,-1.89,1.89,0.009441,SPIKE,0,0.1300,0.2600,0.13000,93%,WATCH,,,MEAN_REVERT,PRE_GAME,,
2026-02-24T02:43:57Z,1771901037,Lafayette vs. Colgate,aec-cbb-lafay-colg-2026-02-25,https://polymarket.us/event/aec-cbb-lafay-colg-2026-02-25,https://polymarket.us/market/aec-cbb-lafay-colg-2026-02-25,0.19000,0.19500,0.20000,0.00500,0.00500,-1.14,1.14,0.005677,SPIKE,0,0.1400,0.2600,0.12000,93%,INFO,,,MEAN_REVERT,PRE_GAME,,
2026-02-24T02:43:57Z,1771901037,Lafayette vs. Colgate,aec-cbb-lafay-colg-2026-02-25,https://polymarket.us/event/aec-cbb-lafay-colg-2026-02-25,https://polymarket.us/market/aec-cbb-lafay-colg-2026-02-25,0.20500,0.20000,0.19500,-0.00500,0.00500,-1.71,1.71,-0.008546,DIP,0,0.1300,0.2600,0.13000,93%,WATCH,,,MEAN_REVERT,PRE_GAME,,
2026-02-24T02:43:57Z,1771901037,Lafayette vs. Colgate,aec-cbb-lafay-colg-2026-02-25,https://polymarket.us/event/aec-cbb-lafay-colg-2026-02-25,https://polymarket.us/market/aec-cbb-lafay-colg-2026-02-25,0.20000,0.19500,0.19000,-0.00500,0.00500,-2.21,2.21,-0.011056,DIP,0,0.1200,0.2600,0.14000,93%,WATCH,,FADE,MEAN_REVERT,PRE_GAME,,
2026-02-24T02:43:58Z,1771901038,Lafayette vs. Colgate,aec-cbb-lafay-colg-2026-02-25,https://polymarket.us/event/aec-cbb-lafay-colg-2026-02-25,https://polymarket.us/market/aec-cbb-lafay-colg-2026-02-25,0.19500,0.19000,0.19500,0.00500,0.00500,-1.50,1.50,0.007503,SPIKE,0,0.1300,0.2600,0.13000,93%,WATCH,,,MEAN_REVERT,PRE_GAME,,
2026-02-24T02:43:58Z,1771901038,Lafayette vs. Colgate,aec-cbb-lafay-colg-2026-02-25,https://polymarket.us/event/aec-cbb-lafay-colg-2026-02-25,https://polymarket.us/market/aec-cbb-lafay-colg-2026-02-25,0.20500,0.20000,0.19500,-0.00500,0.00500,-1.48,1.48,-0.007400,DIP,0,0.1300,0.2600,0.13000,93%,INFO,,,MEAN_REVERT,PRE_GAME,,
2026-02-24T02:43:58Z,1771901038,Lafayette vs. Colgate,aec-cbb-lafay-colg-2026-02-25,https://polymarket.us/event/aec-cbb-lafay-colg-2026-02-25,https://polymarket.us/market/aec-cbb-lafay-colg-2026-02-25,0.20000,0.19500,0.19000,-0.00500,0.00500,-1.99,1.99,-0.009971,DIP,0,0.1200,0.2600,0.14000,93%,WATCH,,,MEAN_REVERT,PRE_GAME,,
2026-02-24T02:43:59Z,1771901039,Sacramento vs. Memphis,aec-nba-sac-mem-2026-02-23,https://polymarket.us/event/aec-nba-sac-mem-2026-02-23,https://polymarket.us/market/aec-nba-sac-mem-2026-02-23,0.57500,0.57000,0.57500,0.00500,0.00500,-3.01,3.01,0.015057,SPIKE,278239,0.5600,0.5900,0.03000,73%,ALERT,,FADE,MEAN_REVERT,LIVE,3,4
2026-02-24T02:43:59Z,1771901039,Lafayette vs. Colgate,aec-cbb-lafay-colg-2026-02-25,https://polymarket.us/event/aec-cbb-lafay-colg-2026-02-25,https://polymarket.us/market/aec-cbb-lafay-colg-2026-02-25,0.19500,0.19000,0.19500,0.00500,0.00500,-1.32,1.32,0.006624,SPIKE,0,0.1300,0.2600,0.13000,93%,INFO,,,MEAN_REVERT,PRE_GAME,,
2026-02-24T02:44:00Z,1771901040,Utah vs. Houston,aec-nba-uta-hou-2026-02-23,https://polymarket.us/event/aec-nba-uta-hou-2026-02-23,https://polymarket.us/market/aec-nba-uta-hou-2026-02-23,0.12000,0.12500,0.12000,-0.00500,0.00500,-1.73,1.73,-0.008662,DIP,162213,0.1000,0.1400,0.04000,73%,WATCH,,,MEAN_REVERT,LIVE,1,0
2026-02-24T02:44:00Z,1771901040,Lafayette vs. Colgate,aec-cbb-lafay-colg-2026-02-25,https://polymarket.us/event/aec-cbb-lafay-colg-2026-02-25,https://polymarket.us/market/aec-cbb-lafay-colg-2026-02-25,0.20500,0.20000,0.19500,-0.00500,0.00500,-1.23,1.23,-0.006137,DIP,0,0.1300,0.2600,0.13000,93%,INFO,,,MEAN_REVERT,PRE_GAME,,
2026-02-24T02:44:00Z,1771901040,Lafayette vs. Colgate,aec-cbb-lafay-colg-2026-02-25,https://polymarket.us/event/aec-cbb-lafay-colg-2026-02-25,https://polymarket.us/market/aec-cbb-lafay-colg-2026-02-25,0.20000,0.19500,0.19000,-0.00500,0.00500,-1.73,1.73,-0.008663,DIP,0,0.1200,0.2600,0.14000,93%,WATCH,,,MEAN_REVERT,PRE_GAME,,
2026-02-24T02:44:00Z,1771901040,Lafayette vs. Colgate,aec-cbb-lafay-colg-2026-02-25,https://polymarket.us/event/aec-cbb-lafay-colg-2026-02-25,https://polymarket.us/market/aec-cbb-lafay-colg-2026-02-25,0.19500,0.19000,0.19500,0.00500,0.00500,-1.11,1.11,0.005557,SPIKE,0,0.1300,0.2600,0.13000,93%,INFO,,,MEAN_REVERT,PRE_GAME,,
2026-02-24T02:44:00Z,1771901040,Utah vs. Houston,aec-nba-uta-hou-2026-02-23,https://polymarket.us/event/aec-nba-uta-hou-2026-02-23,https://polymarket.us/market/aec-nba-uta-hou-2026-02-23,0.13000,0.13000,0.13500,0.00500,0.00500,1.67,1.67,0.008357,SPIKE,162213,0.1200,0.1500,0.03000,93%,WATCH,,,MEAN_REVERT,LIVE,1,0
2026-02-24T02:44:01Z,1771901041,Lafayette vs. Colgate,aec-cbb-lafay-colg-2026-02-25,https://polymarket.us/event/aec-cbb-lafay-colg-2026-02-25,https://polymarket.us/market/aec-cbb-lafay-colg-2026-02-25,0.20500,0.20000,0.19500,-0.00500,0.00500,-1.05,1.05,-0.005252,DIP,0,0.1300,0.2600,0.13000,93%,INFO,,,MEAN_REVERT,PRE_GAME,,
